Symbol,RS Rating
PDN,4.258264133402346
VWID,4.2603811027471465
COGT,4.26089839021047
DBP,4.26342350553627
CSBR,4.274825446736211
BRZE,4.275127475312892
GFEB,4.278837941913345
VSS,4.280722736435994
AVSE,4.287448258478879
BHFAL,4.288024465476326
SSXU,4.288342348740029
RHE,4.289533698892215
FTHI,4.292277613949924
FBZ,4.292723528629718
MIGI,4.294555513114218
AFMC,4.295321867069766
QDPL,4.3012735141698055
VXF,4.301376746434632
WLK,4.310942329902061
AUVIP,4.3173716336665455
AWEG,4.3253211414628945
PTY,4.331623016909407
PLMI,4.332262524463442
GSDWU,4.332482999401047
WUCT,4.33281192525186
CHX,4.334469070614073
GES,4.336056182315116
GNTA,4.349556238917638
PTIN,4.3498916225549165
XTR,4.350594590444588
BIIB,4.35192910674894
COLD,4.354566513381613
ROAM,4.355894955189252
AFGB,4.359143614436396
CVLC,4.361877551080094
PRSRU,4.367863510456242
DGRE,4.388142241584257
HDMV,4.389146920237317
FRBNU,4.392663021749241
DFAC,4.392872761206028
KRMA,4.395937975466269
RISR,4.418531491593529
ONYXU,4.418726514953417
SYRS,4.419294419574031
GDOC,4.422626100523113
AGCO,4.429057493256315
AIB,4.431353009625952
BMED,4.434370303202121
HYXU,4.438844887046212
RESP,4.439007066530891
AIZN,4.439142518863566
TKC,4.439475318836925
NTZG,4.446161089454619
MNKD,4.450355909554156
BNH,4.451191786450444
BIP,4.451736253015078
MRTN,4.455582139620671
WPP,4.46412250774426
AQU,4.467757883355082
RTL,4.468382378631308
DFE,4.468823184384698
HDAW,4.470762194727321
CRNT,4.471016517340942
CEN,4.4732227214873275
BANF,4.478703448346995
TWNK,4.485887133143141
DLR,4.489023307211102
HCCI,4.489563129078232
BIOR,4.491685730195638
SCHC,4.493728024836718
EAFD,4.494410396077038
RCLF,4.495135226564266
CLOEU,4.495405348120816
AVB,4.4994720281336065
MTRY,4.500295790668414
KRNLU,4.502641298535935
BCAT,4.505459203940569
TEF,4.5077582884525835
SHE,4.510257617382125
ALCC,4.511831859278473
SGDM,4.513135147730267
FDD,4.517778154672598
AVAV,4.5220206084381465
CSTA,4.524274215041562
LILAK,4.529726133737411
KACLU,4.539647007945908
BCYC,4.539939446523843
GWRE,4.541942180446266
SPYC,4.542423245386047
ACAC,4.542965280108256
DEMZ,4.546037004421731
FDMO,4.5469825928567476
BGCP,4.549443729116072
BUFD,4.549564489850143
UPTD,4.553280326523512
PCCTU,4.558238249436487
SON,4.5596365547271045
MSI,4.56043273459779
MEI,4.564594590425804
EPI,4.567947245135862
DGII,4.56961530667881
URA,4.57267451352763
PPA,4.582334619983032
TEMP,4.585069247530329
CARR,4.586543094321258
AVEM,4.587487642600148
SESG,4.588839970066747
LEMB,4.589736304270269
IBKR,4.592695812322083
FMAY,4.593385450495657
TJX,4.597779780389515
XYLG,4.597887500748269
IFV,4.602519433659991
ARIZ,4.606203563694353
DIVS,4.610838074918138
SHW,4.612736038175078
OXAC,4.613716760489117
FAUG,4.613940298691128
FDT,4.614925408488669
ROKU,4.6216077979324375
DNOV,4.629724414441392
EGPT,4.629918262040111
SEPZ,4.6300507894991805
PLMIU,4.63217848320908
OCTZ,4.635311086441014
LNSR,4.642008312569749
BIGB,4.64635993147414
ZTS,4.652808870549325
IWIN,4.653105587296009
VYMI,4.655962460499239
AIMAU,4.660200970258974
SPGM,4.662930972724255
BTCY,4.670389053100569
HOTL,4.671273292248697
INCO,4.6739045761753975
AUGZ,4.675026034204444
RSVR,4.676880223569715
PTLC,4.681069653610067
GLD,4.681387927722724
CIK,4.684142964894137
FEMB,4.686084671162419
IMXI,4.687323915479653
XLSR,4.688486767167959
DENN,4.690383394472378
QWLD,4.697119098244822
GSL,4.717363959966558
HART,4.719243146018913
GDRX,4.723145516851233
ICOW,4.726425744190331
JULZ,4.72924239335228
IUSV,4.729530290445498
RAPT,4.731556474925207
JJSF,4.736042168128036
OUNZ,4.7363381825183914
AAL,4.737608879767068
FGDL,4.7391042819548455
ZIG,4.740424206236198
SGLC,4.7426475021900725
FEP,4.743085570236277
GAMR,4.743314466742041
AVSU,4.745501183899979
TINT,4.75408282461384
AIBBU,4.755228893881234
SIMO,4.755837600592119
IAU,4.759067361794771
TRX,4.759460723369256
NVBW,4.759739635708607
MMYT,4.760097307786305
SGOL,4.760793801583488
BIDU,4.762329072666105
PSET,4.766130767104779
TMFG,4.767823755083274
ONEW,4.777983798801215
POCI,4.778319946703578
ASXC,4.778900627236974
DFIS,4.779338845894199
AESR,4.783172073328777
BWAQU,4.784557857643437
UTMD,4.784903619045662
AAAU,4.7860993147129705
HRZN,4.788810591736626
BXMX,4.789684499652883
GGN,4.793802616429847
FR,4.793818057693458
VBK,4.8008117543395805
SOHOB,4.801674579868447
SHO,4.808169758821337
LIFE,4.816007538728276
AGTI,4.817818590830932
BAR,4.8188064809461295
IAUM,4.821478454627273
UEVM,4.830907672013178
TYO,4.8318516478827105
GLDM,4.838932199515864
HWKZ,4.842694083577874
DMAY,4.844200728818042
DMCY,4.844595814198229
ONOF,4.850613674761043
FQAL,4.85237941817775
EQT,4.855370680086298
BAUG,4.856793049302093
PDEC,4.858915949806497
DECZ,4.868370366251909
SECT,4.871038284048619
LIBYU,4.873362837869726
SKGRU,4.876105962931181
KOCG,4.894372804507308
EVR,4.895401837523535
QVML,4.8982475582599605
MCK,4.89839915097976
CRPT,4.900959889986867
FDLS,4.901873143431743
NSP,4.902801224551615
TRPL,4.91238888416778
XYL,4.916873668720776
PTEU,4.922793237781273
ALGS,4.924856106958537
PRPC,4.926552347642303
DDWM,4.931572036813074
WTMAU,4.933127369472743
SKYT,4.939868020735534
BAP,4.94017779268406
GLOB,4.943151070986407
UNOV,4.943411595925813
NTSX,4.946334722790788
BIPC,4.952576364885651
NOVZ,4.952577351658323
MRK,4.95332369222524
HLT,4.960636247124227
MMTM,4.962247845924717
IVE,4.969182367250478
IHAK,4.969651795184857
HUDAR,4.969693614814834
DIM,4.970776290963484
SHPP,4.9761831306880095
AMED,4.9798666339553135
PHO,4.979926438789272
RE,4.981201054817743
APUE,4.982567393602634
INVH,4.985482511175013
LILA,4.998924180138493
HVAL,5.000786143604855
LX,5.001740268670446
LGSTU,5.010968278890076
MITQ,5.014441928316627
PXUS,5.021780559901071
IWFH,5.024469650297029
NAAS,5.028297434300046
RL,5.028876795251882
DGS,5.03302711336088
ATLCP,5.034695970174205
MOTE,5.037082748215509
ICCH,5.039428472942023
BUFF,5.046361374737743
LAZR,5.057122055003862
EB,5.061542602048015
CHE,5.063227072777248
HHGCU,5.071607715844216
SIXJ,5.076725506665585
DSP,5.07673715475655
OLK,5.077139958749136
IMCR,5.078068545195995
HAYW,5.079266334920886
TTAC,5.083688818860206
PSTP,5.085479681339482
RODM,5.088901208756861
ROSE,5.091485248463474
EPS,5.0944154953776755
ADERU,5.0950206765815045
AVIR,5.095820818310767
ASA,5.097407287259117
JRNY,5.111516495284799
AAIN,5.112514814115179
QEFA,5.125691044316678
EWO,5.125914090326669
NFTY,5.12766023226506
GF,5.129158449403233
DWX,5.133453886330046
EOLS,5.1347299631726715
OVF,5.1417129405645845
TILT,5.14625211348223
NAT,5.1463999066208
VOOV,5.148527332284488
RODE,5.15431404112984
EWX,5.159875231277411
DWM,5.162425216405212
XAR,5.164447397139528
PIZ,5.178185682251231
SPYV,5.181412106789622
AEFC,5.182956032884638
KAPR,5.185807138296582
UDIV,5.186209436076847
CHRD,5.1868000244241275
LABP,5.193190005297545
RPTX,5.193976577878291
INDF,5.200438315602094
DKL,5.202570554626269
PSEP,5.203902594551928
PFEB,5.207793775601775
HAE,5.2085173834453
AOA,5.209977046465145
SPRO,5.213229842664682
IMTM,5.214051420443582
QLVD,5.215334083837534
ESCA,5.215718023548218
JETS,5.222526030463849
LANC,5.224853193851646
FNY,5.225450570841016
AMID,5.230240451705965
QRFT,5.231736951234956
GDHG,5.236896491858101
ACU,5.2391615703608485
CIL,5.244227306144982
WTMF,5.245922236529741
CDZIP,5.247083504602637
GTY,5.25976081638077
AMSF,5.2683894069225055
ADER,5.268926114078468
AP,5.271859929058756
FTAIO,5.277472083005494
MKL,5.278765669097108
SRS,5.281994139311568
CSWC,5.2820897224385375
WTM,5.288336488667456
CLIX,5.288947402521413
BR,5.290933724238798
KEMX,5.293667495214503
PSMO,5.294074899412125
MAS,5.2951971444462
PPLT,5.296515191518186
NVBT,5.298288044855832
JANZ,5.302672049255257
EMMF,5.307400205872518
XTN,5.307770090922664
EWU,5.3087843460215245
TSLH,5.310811210522551
PBDC,5.310985225593723
SNDR,5.311729438075808
IWO,5.312780156538186
HIDV,5.318585841183561
USEP,5.319252694964525
DSX,5.320057737461264
IIVI,5.321681940452068
FLQL,5.3241463283142485
MDEV,5.324800547839096
AIC,5.330109108099119
OXACU,5.330624759931446
IWP,5.331207430132123
NRUC,5.331217738410303
FNDC,5.332838718535182
AMJ,5.3377894398281
ARMR,5.343743352581486
QARP,5.347579977795509
DFJ,5.348093202644186
DWAS,5.353792158380315
MID,5.354260923198076
DEM,5.3546936911824465
BWAY,5.35480747795326
CECO,5.360878060452381
OHI,5.36555829679277
CLPS,5.371676605868801
GLOF,5.373906800235488
FLXS,5.378097842540308
IBET,5.38198965106614
FMCX,5.390948066061547
PSCX,5.391948554573679
DFAX,5.3946538129714465
FVAL,5.396330955236905
SUPL,5.400828033863443
SPUC,5.401936735918237
MAYS,5.404333433927635
PDSB,5.409745623172349
VBOCU,5.410639118956375
DFSU,5.411257440190109
PSMJ,5.412429118058033
MART,5.412991140036132
FATP,5.414825711997255
BBLU,5.418043473936447
VRTX,5.419572785804139
CAPE,5.421926874219891
SXUS,5.423435302686055
NAVI,5.4237054179396
ESE,5.426350790783849
RITM,5.427015663377677
DWUS,5.431089033311536
DOL,5.442716233797507
UJAN,5.444606338806786
PALC,5.4446437747038186
SCZ,5.447343395324649
EGP,5.45020797686978
FIDU,5.461740041796322
EDD,5.462114688613111
STIX,5.465150253123813
MMC,5.465174050170188
PSMR,5.465670514866199
IYC,5.4742518662975
BIZD,5.475216100648984
TBT,5.48098782256817
FPXE,5.483087337830368
CPSH,5.49283341654903
EATZ,5.497034951615465
LFEQ,5.498354711473118
VEU,5.501129945625268
FIW,5.509535231526333
PLRG,5.5114699370972895
BOX,5.511738510709079
ICLR,5.516575001843103
ZETA,5.516794055863125
PPHPU,5.516796284360518
FDEV,5.5193061339677305
DEEF,5.52007811847463
SNCY,5.520310880301058
NXE,5.520419038680756
WSC,5.523107314748714
CIVI,5.533445843827223
IKT,5.537712733552968
AMUB,5.539098190151003
CLAY,5.540684838482069
RGI,5.541320799740397
SWZ,5.542757049091161
VXUS,5.542873285932896
VST,5.543189291201744
COO,5.54993706174644
NWS,5.553624021198621
PLTM,5.555804929207535
IOAC,5.557789225802043
OCEN,5.565422552393624
CGAU,5.568188665049661
RGLS,5.57678494846833
MFDX,5.577209301642681
RECS,5.5801703560742055
ALLE,5.584775593656886
DSEP,5.590714877719126
AMZA,5.591793563285048
VSGX,5.593670558976179
OPY,5.5988664159822275
GSLC,5.600293819997596
PEX,5.602965193071488
USNA,5.604018715908211
TOACU,5.6060903360115955
DFSE,5.606561134466592
CNO,5.6086742181819655
ATMP,5.608789105694618
AESI,5.609324731624535
EMXC,5.612080746196417
BKUS,5.612396935304336
NZAC,5.6196426373276465
QSWN,5.6240059709548085
FSK,5.62663660998147
VTWG,5.62923043358907
FDWM,5.633055609465392
PCCT,5.636025370815454
CWS,5.636160475038404
PRNT,5.638122715108511
IXUS,5.6388924901137125
PAPR,5.641204008439087
AMOT,5.646550289452805
JULT,5.652413905931285
OCTW,5.653925570181801
VCIF,5.655460166923479
SUSA,5.659005014684385
AX,5.660408045649968
RENT,5.66165767122731
ALIT,5.661938595083871
AQNB,5.662334174207376
AGNG,5.663579008248449
DFIV,5.665992907497684
MAIN,5.670944154801153
QQQA,5.672139666768121
FOSLL,5.672377506394355
TNL,5.673265307909002
DDEC,5.679338169077029
RBLX,5.684886720819944
PBAXU,5.6855853441630355
PAMC,5.688506104135911
AQNU,5.689473983434088
PIO,5.69648094618495
QYLE,5.69839902612066
AVIV,5.699081618375811
IQDF,5.705979029183917
WINVU,5.711656632783467
VIS,5.713406547467299
ESAC,5.715174736267295
LRGF,5.727389922472362
VUSE,5.729804709494482
ECOZ,5.734326130936696
CRT,5.736043526265837
MFC,5.736513811729937
AFGD,5.741115697247253
COW,5.741841197913016
GLPG,5.746615330317019
RPT,5.759610325634437
GCBC,5.765764371148576
IPGP,5.76924930944647
LEGR,5.7731924934248156
VIRS,5.776237644190125
XJUN,5.776834662476742
FJUL,5.784379963819584
VOXX,5.7964263489004155
VOYA,5.796694141343539
AVACU,5.799113218073404
BUYW,5.799229448274504
USCA,5.8017467088721695
HLMN,5.80246869506494
NTSI,5.806113967054541
BSQR,5.806567056567795
EFAV,5.807696002749223
UOCT,5.808556092825352
OLLI,5.808970588684312
QYLD,5.818601253540999
IPDP,5.820643182364358
NSPL,5.823868339421905
FEUZ,5.825095088811591
CLIA,5.826990224647211
FNA,5.82741932213908
PSCQ,5.832908202936792
GABF,5.836025223171364
RXD,5.836885046573437
ESQ,5.851494331943577
JPIN,5.85168532369238
BEDZ,5.85363739991617
HEPA,5.854911564101466
DFAU,5.858072227876452
ORAN,5.859431332452507
PJAN,5.859598496289845
BSEP,5.862616302355912
BSTP,5.871596406963918
INTU,5.872477664436447
SLDB,5.873568077141579
PFUT,5.87655327690884
DNA,5.876693623875967
EVX,5.877685321413537
DFIC,5.878252237342477
EFAX,5.88267558377336
ACGLO,5.886555929022107
RSPY,5.890275034557373
EATV,5.895016541101827
NWSA,5.899406011251363
FA,5.906871272893284
EWD,5.907928698116165
EQTY,5.90904641786664
VVI,5.9109681727715
TMST,5.9203630183500024
XSEP,5.920855480817942
HSY,5.922354371012877
FLGB,5.922919639178885
AKTS,5.924689202089118
TPIF,5.925106037733585
NCR,5.930024521536968
SANW,5.935727924647772
GSM,5.945963748868198
BTHM,5.950307724686663
ARKX,5.950822905430075
AMN,5.955339901363238
LCTU,5.956559116858577
VMEO,5.956910438018868
MBCC,5.958026779476642
LAD,5.962378909234048
BUFG,5.963765395052807
GVAL,5.963865267366473
FSEP,5.971499244127969
BGRY,5.971545011423897
PNOV,5.9880018589795725
DJUL,5.989773779751273
PSFJ,5.990189555276575
DFEV,5.997744732881656
U,5.9991931750523175
PWB,6.0007033898235616
PHYS,6.005611283171578
PMAR,6.009082233314107
EFAD,6.0117531670593225
QTWO,6.016148381219015
AGOX,6.018526258140318
IGRO,6.02063825700173
ABNB,6.020949626802996
MFIC,6.021603432727963
ACWX,6.024921406501277
QLC,6.026325944766682
ISCG,6.027775584898701
BDEC,6.032489718857917
BUFR,6.032794730400521
JULW,6.03482715922171
NERD,6.036797137998526
VT,6.040159395112608
STBX,6.040521971189583
DOCT,6.043835698459961
CHGX,6.045993516238975
JUSA,6.047715425796901
ISZE,6.048301521379402
SSPX,6.049772089210368
SCO,6.059554621884669
WWJD,6.059673390077858
DNL,6.060839366176706
MUSA,6.065835013176672
CGW,6.066841646185009
DISV,6.067707910286671
TNK,6.068574567721121
BEP,6.07776326751049
MGRC,6.0813830277503405
PLD,6.083205795688632
ADX,6.0866127541407
FNOV,6.088424553568861
ICG,6.09111969188711
BICK,6.091259181156043
BJUL,6.099988457341503
TMAT,6.105825367111928
AIO,6.1072003563432995
PJUL,6.110102280470016
ACVF,6.110501535460591
PBP,6.113812098506131
CLEU,6.115131561875018
AEG,6.121540107307613
CNGLU,6.124311674886398
BGY,6.125394899470065
BUFB,6.126417062784394
BC,6.128070548441785
LGVCU,6.129352518166789
AVDE,6.136920632495897
VTHR,6.140373647408599
UGL,6.151216032091105
OFIX,6.1516863647035365
YUM,6.15296261568247
MFA,6.15334419551348
DUSL,6.162076374408396
OTECU,6.16261173851819
PXF,6.1640347272844735
IWV,6.164125190426174
BNOV,6.170039600210245
ARCC,6.1727208952567425
FBRT,6.173197412134372
ISVL,6.17373015937516
FCF,6.1772335642838305
LSI,6.177937091275494
IDHQ,6.182609304371005
PPG,6.200135896701369
GSRMU,6.203842123255137
IRT,6.2089936476982315
PEXL,6.209309927393076
JUST,6.2095393414570355
XMHQ,6.2095493548248655
LCTD,6.210804777886772
HDEF,6.216089644871246
HEET,6.217023410107609
DDI,6.218452153450298
CRBN,6.226898654754064
ITOT,6.228447797171626
FAPR,6.228536644082637
FFEB,6.239269545439492
KOKU,6.240533301114732
ESGU,6.244850966658322
CLRO,6.248573050286168
GSIE,6.249450723198784
XBOC,6.256778430258847
MILN,6.25799465244473
CLX,6.2594462113710945
SOHON,6.2668373838864575
BLACU,6.267704787024312
ZBH,6.270488396757022
SOJD,6.274324307364916
URI,6.280825978270841
JQUA,6.284242075773756
CSX,6.284775581390519
BJAN,6.28759072481313
GSPY,6.287767473318687
LOWV,6.288626991933626
XBJA,6.291718218087312
SMAPU,6.2933917759119495
MTN,6.293908092301207
JFWD,6.304166019023344
VIGI,6.305913645232089
V,6.312500831880677
WH,6.313986384391002
JANT,6.315347096400137
ROSEU,6.317013822701275
RRX,6.3220560337668585
GPAL,6.3233130900011565
JANW,6.3277529361276255
HZNP,6.328242342557472
EFV,6.3288502734909144
IWTR,6.341592113743971
NJAN,6.344080933944701
GUSA,6.347008956019291
KOP,6.356580630038362
PSMD,6.358529264816393
XDEC,6.36303087562727
PSFF,6.370346803347666
TLTD,6.370668100224844
GLIN,6.370750717934764
IDXX,6.373631039587087
RXRX,6.375618567501295
DIHP,6.378045777182968
PBDM,6.380379596403621
GP,6.3843965917907335
PSMT,6.386175483846141
IYY,6.386841261273074
IBN,6.38883906367169
DHAC,6.389725029566865
PL,6.389807481033914
TOK,6.393083537444269
FHTX,6.396022472013064
CGBD,6.397257530059883
VTI,6.399626360445182
MCHX,6.403548933870636
SPTM,6.407410707446207
SAGA,6.408289554349405
AJRD,6.408751901472286
MRSK,6.410486068429252
DFAI,6.414676042105749
AGNCP,6.415603937360677
FEUS,6.418397237552216
ISPR,6.4215683974029405
IWB,6.422424833481983
FAST,6.423201896883067
VOR,6.432566431121062
NUSI,6.433131352367911
DFSI,6.434001638235587
MCD,6.436723650115914
SPBC,6.437169365090253
SHDG,6.443915297309322
FDEC,6.455909073241149
WAFU,6.456795142250184
SCHB,6.460333606255434
GDOT,6.466503821871031
NANC,6.472331886110294
PSCJ,6.473858152743182
DGT,6.474373765061124
PLDR,6.47820544781792
DIOD,6.478654250568308
JIDA,6.479256862937724
FFA,6.480002665149587
UBS,6.481251811638436
RSG,6.482619995696851
TTT,6.4843661353511
FXR,6.489022524170672
RFDI,6.499274743802919
CAT,6.500865646377712
FSI,6.514317923743748
AM,6.520152309320299
IMNM,6.522349231614095
CBAT,6.525469564201386
SSUS,6.532601223107867
SKYH,6.537858909637846
CIB,6.538359444755926
DLB,6.5446043150876765
GFGF,6.5450930053802505
POCT,6.549664453858553
SCHK,6.558482720962817
IMCC,6.559539460961716
UPWD,6.561076418229036
OFLX,6.563577303857296
AEL,6.5653628456223965
AGNCN,6.5683580262923025
PII,6.568364917047479
OCTT,6.573371266582556
FITBO,6.574601144404207
SVRE,6.5846648443558085
ESMT,6.586420902125267
DBOC,6.588645821425332
JWSM,6.589513245294909
IT,6.595364593725961
UJUL,6.598445003673362
NRC,6.598896988410958
EPRT,6.599705188915214
DRCT,6.605169552480566
VONE,6.60832314744408
HACK,6.610393303255062
ALK,6.613074355189285
NGG,6.615428366759693
EBLU,6.6158927202006
DBJA,6.620293063189734
LVOXU,6.62135344883562
PDEX,6.623577470619031
BTCM,6.628244622783594
XC,6.630362747878715
ACWI,6.6311627041438035
ESACU,6.632222772941848
IVV,6.633112363440024
RNDM,6.640796304378468
FRGI,6.641147938072967
WDFC,6.6460511438482195
IDAT,6.646738208896992
BGLD,6.64679870064587
PSFM,6.6511753072457225
IPAC,6.657495134349692
GDMN,6.657972272828358
BAH,6.658224702939787
BHACU,6.665707439535935
SPHQ,6.671062301141868
FITE,6.675776289443425
EEMS,6.6827650514864665
FONR,6.683129294034392
KDIV,6.687214854958297
CLGN,6.691287223983782
AVSD,6.693454276665004
ABEV,6.704953746136876
PGM,6.7055608425528535
IDOG,6.711370570032363
QINT,6.718751082411534
KLDW,6.729671149937566
FOCT,6.729967775616763
IQLT,6.73529653261733
SIXO,6.747194374438187
OVL,6.749353658985976
BMR,6.749716199066327
FJUN,6.751134690716701
IDEV,6.752117047439437
BYOB,6.755151872619594
RSVRW,6.761884984174644
FEBZ,6.768379061547276
SPY,6.768478838151348
ILCB,6.778253933023079
DFUS,6.77877010435699
DFNV,6.784284387003462
TPB,6.787576283716932
IQDG,6.792990869137855
ARGX,6.797131581853316
SG,6.802417182140921
BOSS,6.808132949080478
CGXU,6.8091013127657085
CPAAU,6.809688116435364
FEDM,6.811744329173361
SPLG,6.814731847371021
GXG,6.816738489984465
SCHX,6.8167623382422535
VOO,6.821672068456697
INTF,6.840890053229363
EKG,6.843088231969002
SCJ,6.848758662180132
RSHO,6.84909040677808
BKIV,6.8562935120996205
RVRB,6.857384499821824
QQQS,6.858308744334729
GAM,6.864375077223447
YJUN,6.865512928600936
HDSN,6.865991978168215
GIGM,6.868089594547727
TWCBU,6.88179521106997
HQY,6.882514304390897
SEIQ,6.883211841318078
BBUS,6.888917103782171
LGH,6.889976262274554
MIR,6.894576496566063
XCEM,6.895098079478049
ESGA,6.901128180728366
CDEI,6.9051509384242635
TSP,6.907825051909863
IJUL,6.909817516741685
VEA,6.909981759687454
KLR,6.911248287652939
USPX,6.911678483604758
URTH,6.914705777269714
EBR-B,6.915298256677575
MARZ,6.915388476316845
JIG,6.917479622267194
TMV,6.920828911840932
JCI,6.926996335837085
IOCT,6.930198168926616
SCHF,6.934334359752331
INVA,6.9360973472856
NOAH,6.942297620485367
JCTR,6.945314140050783
RUFF,6.945995189092141
APLY,6.946575446605441
EPU,6.94706493373059
VSACU,6.948238612171598
SMIN,6.95839053716521
PBUS,6.965026690608651
CODI,6.968046350145435
SPDW,6.97664651988676
IJAN,6.977493552082975
CIBR,6.980913451343169
XUSP,6.983813987797208
GSID,6.991836029014601
XTAP,6.99385861256165
NACP,7.000461372114826
AMH,7.002109571239616
SFLR,7.0110451085322465
DJUN,7.0194478926525115
EWGS,7.029696899620888
MYGN,7.034359728631142
AGNCO,7.0455722061562795
WOR,7.047864128166145
VV,7.048175238066516
BFEB,7.056931304856868
TAC,7.0618376838258765
ROKT,7.0695339813005855
XWEB,7.074194957973176
FICS,7.077304936812134
FDIS,7.088909342748146
XDAP,7.093674570172022
IEUS,7.097848023289273
VCR,7.098105751928845
PGY,7.098157016178411
BOCT,7.099803333269188
GSUS,7.103413118462982
MHNC,7.112222026882012
FMAG,7.114125328389137
SFY,7.1152434272180765
BEPH,7.117494157292256
CZR,7.120116256594053
BKIE,7.120311662530199
TECH,7.122784232972673
SKY,7.133063542064938
FNVTU,7.133961322932568
FJAN,7.134131191200463
VOTE,7.140200137934053
FNDF,7.141536904323028
TAK,7.143834052179154
FKU,7.147172914967624
STRV,7.148421705725223
PAX,7.15344184015938
PEPLU,7.162643936216746
CCAIU,7.174232732679347
PAC,7.177421361987952
VSLU,7.21339778402018
ECX,7.220904904800282
VNSE,7.22220006331514
LRN,7.22542952856594
SIGI,7.229550392315352
RORO,7.233301154548576
KN,7.233601219036634
SPYX,7.236719754588693
TDV,7.245341909282593
LCLG,7.246946717918351
FIVA,7.253103342537632
SYT,7.256833545303714
DNMR,7.262518358387182
IQIN,7.2694892810595
JEPQ,7.271857185246122
DD,7.272374922941198
SVT,7.275798999024427
CATH,7.282918359697913
DBRG,7.291336985317466
TER,7.293445404781272
KF,7.2988356355500255
SYF,7.299473779146845
FOLD,7.299796978181678
IOACU,7.308677081396561
XBAP,7.318552226223404
PBT,7.319782786492249
FMAR,7.321329877083156
PSFO,7.326489887673001
SPHB,7.331256224745802
NZUS,7.33275750406452
LGND,7.33731126239913
EWUS,7.340881535219077
AQWA,7.341264357865214
VPL,7.342992918994495
FCO,7.343513204709402
IQDY,7.3513771415607705
APRT,7.351839549727121
DBEU,7.363873366660472
LFACU,7.3643585241638
FFND,7.365946733906262
BJRI,7.366150120108637
CACC,7.367720110266992
PKE,7.371076930468481
XPOF,7.373444245964994
SNCR,7.384425835232703
FEIM,7.3877202328503975
RDIB,7.389845103150283
ANEW,7.39605810564794
CEFA,7.428106628690473
ASTL,7.429397723042561
TSJA,7.434043822646616
MEDI,7.436170457323624
MGM,7.44327420948456
PDCE,7.446784754527886
ITRN,7.447396735699298
YDEC,7.447838297726913
EUSC,7.457910956442736
BBC,7.465195652261176
BFTR,7.467277311931116
TMCI,7.477275727803839
EUDG,7.4775983045579055
GBUY,7.481750931826188
GGAAU,7.507329707800206
AREC,7.508249113828638
IUSG,7.512926321454866
DBX,7.521475932758609
LYTS,7.522125771560006
FTEK,7.522514413112989
HFXI,7.522998948344411
MCVT,7.52425076279081
CGUS,7.52995744648611
SUSL,7.530732657756244
BEPC,7.540108595576838
HUGE,7.546111229948337
AL,7.580946922318931
SPXE,7.581620417384053
DCGO,7.583933846581611
WEX,7.586269817997063
IEFA,7.594536106184853
DUETU,7.601911272337457
DOCU,7.6019768524211075
BRO,7.602518318689762
INDT,7.603285239101375
ROP,7.6100520812623484
SCU,7.616125213696856
ZSPY,7.626469625430859
USNZ,7.627148199004222
RXI,7.641011567548701
RNLX,7.641362940852092
XTOC,7.641867184339733
GBLI,7.656290958299325
VRNS,7.657007980949511
NXTG,7.664712596427958
BST,7.667173403548411
IH,7.670890061934231
XLY,7.678605080077975
ESG,7.682426211832408
DSI,7.685792396483415
USSG,7.693038497018501
MITK,7.700822540575265
CHT,7.702070651286413
FMIVU,7.710561991001677
OCCI,7.711490368366936
FRG,7.71428800675246
FIVE,7.71997241412985
SYK,7.720256804421213
INQQ,7.726736381669992
APRZ,7.726782613563028
DHCNI,7.728906625519846
IRM,7.73537935178856
CEG,7.747546653243706
MTVR,7.750865703486665
EASG,7.75797664538512
AER,7.758672449637713
YSEP,7.760285868477457
HAPY,7.770028308954716
ATFV,7.773178700839148
LAW,7.7805103586177315
BAPR,7.78346760027577
NTAP,7.785353747208861
TUR,7.7875918337344086
CGEM,7.793292776614693
MTLS,7.810408439916518
TANH,7.824318661045497
TARK,7.825104857386502
IMAX,7.840620685453917
RYT,7.842564101784941
ECAT,7.845101347357364
RESD,7.8475525123710685
TSLL,7.8566118937640566
TSL,7.856961964990804
TSOC,7.858204871370673
IVLU,7.858349379863655
IVW,7.8649127988655465
STRS,7.86532314239322
DIVI,7.865639537469519
PRFT,7.869647939674495
QGRO,7.881299593314886
NODK,7.889485484752279
ARKG,7.896557840585867
VDNI,7.907399608502734
SSBI,7.90811603877901
TAIT,7.909972460002375
COUR,7.9117269007306925
ELLO,7.916908922860966
KCCA,7.918081828059111
GFF,7.918268774375542
FPAG,7.9257247804563224
EXEL,7.931195088327053
QTJA,7.9328650611277665
XTJA,7.945215753217213
LSTR,7.946689991105452
KMT,7.952521554666554
DVAX,7.961513243296412
MOG-B,7.974288860089312
EVTC,7.979110273733545
WDC,7.983369708448151
NUDM,7.986735683478563
ECVT,7.991120861524688
IBRX,7.998142711836093
SPYG,8.008975834054697
CAFG,8.009034597185982
JHMD,8.009611515541328
LSCC,8.01157265009711
JIRE,8.013521126579889
BMAR,8.013549891072175
SA,8.014038040527122
MX,8.020437868321348
AJG,8.032333424113123
EFA,8.033085658037505
ESGV,8.033415557439781
LC,8.03387717839328
PAVE,8.038221916633212
OMH,8.044008792088704
BBIN,8.05176230458481
VOOG,8.054529805478179
IQSI,8.056704194461457
IEUR,8.060086429487772
FMIL,8.060634361670674
BKIS,8.069940367621493
PCM,8.075216666039358
GINN,8.078436414841269
BJK,8.087224944848725
MXF,8.091149036473274
RYSE,8.092242735631242
XBJL,8.09592284436342
SNPE,8.116348522023804
CCAI,8.117062147472595
XT,8.123392193974723
MAKX,8.12446751304769
VGK,8.139983786059572
GSEU,8.143909904619196
SPXV,8.15882761738813
SLI,8.161505173549743
NNI,8.162434309141616
ANPC,8.16570709088229
HOMZ,8.171452421113134
DIT,8.172101672245113
XVV,8.172440935595734
EFIV,8.176584722274823
FLSW,8.179099027908668
WGO,8.180265707508756
ATHA,8.18593439619716
PABU,8.191497269229995
MCSE,8.191570391917766
MGC,8.203083813667478
EU,8.209422500221777
SZK,8.211793136857889
BTEK,8.21270655703712
PSP,8.222309248010859
CMCSA,8.227145790813738
BRKR,8.22738415214733
SNY,8.23096070510089
OSW,8.233960740287824
DNLI,8.249475747452099
IEV,8.252615445776685
BBEU,8.253031826913423
GTXAP,8.253144930188823
CE,8.258632684040304
EUDV,8.2611779986998
SPEU,8.264288015317748
HGTY,8.2688455952029
QUAL,8.274570261491764
EHC,8.277262819330854
BYTSU,8.280083612417025
DSTX,8.285366971299801
QQEW,8.286098790270394
ATXS,8.289748786133027
DSKE,8.290453651948187
PSFD,8.29251717755148
EXI,8.292906026522957
FSST,8.303027974698685
IWL,8.312321861876045
CGDV,8.313682273012946
ITAN,8.320329026446625
EEA,8.321001770973771
ESGD,8.3211290483152
TSPA,8.32579892223655
KWR,8.327245073713424
IXAQU,8.329749407219008
CVCO,8.331469151020618
TTEK,8.33673372116421
XDJA,8.337245694759577
YMAR,8.357741548531624
SAGAU,8.36285812434146
ALTO,8.375132651881815
TDIV,8.377053590834855
DRIV,8.38306751756976
ORLY,8.384254723635461
QQQE,8.385546775923622
GGAA,8.387265175805755
TGI,8.389153138740815
FLEE,8.392972456275846
BKLC,8.397695549444801
JSMD,8.398147225674032
XDOC,8.399356625857118
FLBR,8.399635072282136
FPAY,8.404561701524086
COMSP,8.411102744350119
CGGO,8.412489840114159
ATGE,8.422458704993238
MRAD,8.425710806457968
DXF,8.426186909474328
BTEC,8.428984300968617
HTUS,8.430320754152781
ESGG,8.435654731038444
DGP,8.43576003357787
GHM,8.447040235327151
UMC,8.448545798062241
CZFS,8.451155554436465
AMKR,8.453822539583653
EWZ,8.457852991286211
MSMR,8.458851048812134
CGABL,8.47205719007687
IQ,8.486165430435491
SPXN,8.491066567992773
RACY,8.49436118739289
ERY,8.504035450649456
KKR,8.504381366901876
ESEA,8.51251555333098
PAGS,8.51927726652528
RHP,8.521923508620901
LPX,8.528658550819326
NS,8.533225804821406
OND,8.545335525225017
OAEM,8.553116271666816
UCYB,8.5627826567957
GOGO,8.566272003258257
QUOT,8.568382963212944
FGEN,8.569846825310126
TMFS,8.578146338678785
USEA,8.588391325811918
SXQG,8.599936609245283
XPEL,8.600193012596694
PCYO,8.601593490060404
BWXT,8.602727526913585
SOJE,8.625929673886873
FRSH,8.628358259222011
TUGN,8.628596230488924
ILF,8.63545509134594
HHC,8.643662361896416
PFMT,8.671849536980591
SBS,8.678982557582838
DTEC,8.682545692781583
VALN,8.693511891788146
BIPH,8.695581061694362
FLTW,8.704617598238325
FISV,8.72193646936525
WFH,8.722132352236187
EWL,8.72701696864151
DRIP,8.730457110914365
QCLR,8.737426063977406
USXF,8.738016371332042
RILY,8.742747380908709
GRPN,8.747074286073785
SIM,8.774403610124374
AGNCM,8.778828049551702
B,8.792045919899987
BBGI,8.79857417900781
MODL,8.801262929776634
PAY,8.808535797319621
UMMA,8.837256240534034
FWAC,8.840168257550225
TKNO,8.848891038073598
ORCC,8.867483365472296
HZO,8.877832239540941
FDEU,8.884235834406127
DSJA,8.884779102975227
ELP,8.886812926078019
GCI,8.89482258049545
MESO,8.916685016079265
FLLA,8.921064546464136
SAN,8.927317807622478
XBI,8.932303256636436
JJT,8.93726998960743
TRIN,8.949166400920637
EWN,8.958017172412198
BNKD,8.97268173571314
INGR,8.978593225380163
ASTE,8.990937832798549
AIVI,8.993510734150526
ABC,8.996309101754516
BXSL,9.004897354711998
RDVT,9.006955660861973
HEPS,9.01404321923244
RVNC,9.02953026777018
PLUS,9.047818730513324
LGF-B,9.053792046236833
SNSR,9.054638161526164
HEDJ,9.064594071920649
OVLY,9.06738719483679
LFUS,9.083814252586581
DUG,9.090758359737572
OIS,9.096040933359934
NOCT,9.096633029237628
DSOC,9.099294178744834
GRPH,9.110529039151045
LGF-A,9.117713190517525
FSZ,9.122277242053714
MA,9.132124610500455
RMGCU,9.142366502744338
AMBA,9.147419356083555
ARKK,9.15118575221754
TATT,9.156766270035611
EWQ,9.157692321305678
ICHR,9.161151068887053
AXP,9.1627810452859
BLOK,9.164302465735572
SLF,9.165609466260479
FRDM,9.17565117436419
OKTA,9.176675237074413
IQSU,9.185528219146022
BSX,9.199659293809207
FND,9.219771490092699
LCF,9.227519757827519
OAIM,9.235697039407986
AVNT,9.238684297596729
FRGE,9.245255086865054
IMMR,9.25183692599829
XPRO,9.274228937405077
NCPL,9.282163027926027
SUZ,9.28395435660405
BERY,9.29061588440134
XENE,9.298140610693647
KAI,9.301197689907848
BRK-B,9.305778975173862
JEQ,9.31303177157291
ESGN,9.31340398493273
JPM,9.316070230174537
PSJ,9.316406266942296
INFU,9.318991484747038
MEOH,9.32458411749776
EFG,9.32997992989752
TXRH,9.342874805566554
PRN,9.342914024221738
TH,9.35744095165649
WFCF,9.364056766053972
PLBC,9.364402400425023
MAXI,9.364417483459327
BSIG,9.376707275755244
ACST,9.386499059451527
ERESU,9.393964295176628
EZU,9.402299400914707
SPI,9.424790111704375
CHAT,9.425657504453657
ROL,9.426057347259636
EXPD,9.42745021293455
DWLD,9.437065867448666
IONS,9.442192954979923
MKSI,9.446592074650559
SPGI,9.454791969947005
UCTT,9.461039690116658
KGC,9.470182215206476
AXON,9.471875728988921
DBEZ,9.492992698391753
PHR,9.502757857509488
SWBI,9.523055593887122
CTAS,9.53609659356623
WPM,9.538331626822787
HLAL,9.54178606532143
PCGU,9.545380294975338
FLN,9.548205752843893
BITO,9.554444622969324
MTCR,9.566477564864348
PMGMU,9.57810224175166
BWA,9.584079469954442
DFS,9.589761564428315
TSLA,9.595342078706482
KDNY,9.597124903319711
WSO-B,9.605445859753715
WKEYV,9.606988308952168
NXTC,9.607895844335346
LIN,9.609159947263834
IHS,9.61053137528085
MXE,9.611252235322814
ITCL,9.622304691503416
VIR,9.623284591701928
FLFR,9.640782554138712
TKR,9.64163251024142
EWP,9.65066288522944
NE,9.651194535081778
EQOP,9.676895215228983
UHS,9.678530254176776
NATH,9.684771830676087
CROX,9.685521311748367
FLJH,9.698110033583417
BUYZ,9.700569703084511
FSV,9.703870578528049
OILD,9.71480905634041
VMAT,9.720273469065098
RNEM,9.721498935585476
PSCI,9.733158983822848
ECL,9.740249361351546
AMOM,9.74088843564918
LASE,9.751823323006793
UFPI,9.761232834244383
NPO,9.765914923772517
TIGO,9.771120187421351
GVIP,9.779198916536433
STE,9.781250200652943
VTYX,9.78256392360052
RELX,9.795378951867647
GTEK,9.798733023235393
MDLZ,9.804250113595025
IBOT,9.813106269719917
APAM,9.813133568855788
BRK-A,9.81365111037884
GDE,9.81857168363745
KMDA,9.846951075363213
FWD,9.851579185881658
YALL,9.860379879714483
PCTI,9.86625634608933
FRGAP,9.875647109348504
GRVY,9.877220905895765
BFC,9.881921039133337
STXG,9.890883260865726
TECK,9.895082653048915
MOLN,9.909181530774847
KNW,9.921242514330437
IPO,9.939673882463117
PSCT,9.940350691252476
MVPS,9.947182858299417
FGM,9.95625216908475
GDEN,9.9619862945355
XOUT,9.98777621330651
ERYP,9.988334512688036
EUFN,10.002567518457392
DAL,10.00347092223969
NEWR,10.004154179510868
NTES,10.009849845419453
XSD,10.038223734316878
DUSA,10.03933877871
IMFL,10.046292642417272
LTBR,10.048317595530389
MOTO,10.056786903564317
EQIX,10.058176787681127
GHG,10.070100219094767
OEF,10.082609879171667
VEEV,10.09138402135826
DXGE,10.09321232559346
ARMK,10.103961810687373
CAH,10.10483222794798
MTRX,10.106884507974872
USMC,10.109178290974983
GAME,10.11122269947397
DMXF,10.11134173529092
VEGN,10.139799279499053
BLCO,10.154180404364208
NKEQ,10.154332192264635
BBP,10.15883512024737
BKR,10.166591109700736
HLN,10.172203998604685
RBCAA,10.200257209453433
HAPI,10.207266207507523
QDEC,10.219058226530162
HGV,10.223389144145646
GVA,10.225544451038138
IOO,10.230822861957908
HEWG,10.248129292418504
RNGR,10.251500876818644
AEIS,10.264988090018475
TOUR,10.265408088161978
EWI,10.265700981845189
DBGR,10.272190079756793
CLNR,10.2798955607992
FWONA,10.307744813796967
MSA,10.310089511297091
AMX,10.3116039837271
MOAT,10.317300353221423
CREC,10.329990995210242
VRTS,10.330012302833847
DYNF,10.402807718555957
TPR,10.405554837448705
ACN,10.411418694823002
EFX,10.41563338265807
ICFI,10.428113404970981
LQDT,10.430650825394986
VMW,10.434987704833382
AHT,10.43837060088895
HLVX,10.443328745756816
SEMI,10.48962845233341
STAG,10.538110459410163
SYNH,10.551791220749807
ARKQ,10.552569921535802
HIBL,10.560207053856278
FLIY,10.56797543701163
ABM,10.568063022977032
ACT,10.572758206406801
BKCI,10.59035942001379
STLG,10.59462579898011
VRSN,10.596325994307715
BLMN,10.596957920847734
FWONK,10.622564707731478
HCA,10.622955367077843
PCAR,10.643509333291199
IX,10.643782187810881
XTJL,10.649412263558009
PX,10.654334311172665
TRFM,10.662627150402137
PRLB,10.670096232430886
PFSI,10.690785898383076
FXL,10.706632962195961
JACK,10.729854207578988
EWG,10.737216449121176
LINK,10.775051004473202
KEX,10.787858502045427
ARI,10.790169612795028
CIG,10.807863048380502
ENVX,10.808677955651715
DNUT,10.823664730300727
PBR,10.83111979711505
MCFT,10.833327100548358
TPX,10.839883749972367
HURN,10.841354751450544
CACG,10.849741796170878
FEZ,10.87153911737238
CGGR,10.881873255240869
ASTS,10.88507662039477
LXRX,10.887733437380863
PCT,10.899416061952445
RAMP,10.91084054907968
MKC,10.911299991718538
BNGE,10.925738871734527
KRNT,10.929328297392443
GOAU,10.932481320897946
WELL,10.944766524745432
VGR,10.947906039457827
BV,10.965876761275192
NEOG,10.978519880102677
LNW,10.98292521285131
ECH,10.98443108261029
NAPR,10.984441306917123
VEL,10.98536857286947
LCFY,10.987327645477537
NJUL,10.995569884544018
RMGC,11.001071613423838
AKAM,11.023282973924555
QTOC,11.03740810373299
EGUS,11.038251556731225
NETI,11.039787679243716
PUK,11.052048872723915
PAGP,11.062628467240794
PLYM,11.064195732153257
EQX,11.072580088252359
SSO,11.075708960543091
OTIS,11.081264008943098
NEOV,11.08317687094433
GRID,11.098649806180033
ULBI,11.115246513259333
RACYU,11.120150281572766
EPR,11.122513649436499
SSYS,11.128694001282767
AMRK,11.132319549716854
GPK,11.142008512270213
CBZ,11.148684795737239
RS,11.15528692962693
JSML,11.166499310382886
ACEL,11.17986686797213
FLKR,11.181281539706221
BYTS,11.184081472250112
EWJV,11.185217370935497
GTX,11.200273324262938
BKDT,11.205217722180452
AMPG,11.218423085006549
YCS,11.22775934104698
COHU,11.233154378817396
ACTG,11.240478930239837
ADV,11.24342668835313
BETZ,11.247657761937614
DAIO,11.264747859399016
XDJL,11.276448463949237
PAA,11.277284621288818
FLGR,11.282128423454306
UNM,11.282376356829046
RLGT,11.287511773808689
STXS,11.290088130564474
CLS,11.292569262971334
FELE,11.293683583629388
DTG,11.29615477692438
BAK,11.30069787163002
PCG,11.30412093607398
SEM,11.30855860911382
GGRW,11.316511854514848
AME,11.336113993369992
PBYI,11.359870224134484
DAC,11.360224381180123
FJP,11.362077968771779
IVRS,11.362874690000451
MIND,11.371398606376339
FCFS,11.38645639379694
DAX,11.401665801983748
ARKW,11.409942964095263
ZWS,11.432448911618344
SWI,11.434345778718342
FTCI,11.442486141726782
SHYF,11.473862590109476
EPIX,11.482718071348906
XDQQ,11.491745854101373
NOVT,11.497187335594806
CSAN,11.497991539019866
IHG,11.503543296361283
OEUR,11.508449545116394
INNO,11.510731685451558
KMX,11.521787840385107
SB,11.52867968384563
KELYB,11.535568799285418
RONI,11.536320795478733
APDN,11.552402463254053
XSW,11.56164439080682
FIXT,11.586651303973493
QQQX,11.598199679513943
CHD,11.62501052182266
VVX,11.63533183690498
AN,11.641442059890483
RUSHB,11.646738131380522
BUZZ,11.649185011463867
GRMN,11.655018246597033
SPUU,11.657067882355907
SHPW,11.665561001685598
WCC,11.673580599747478
QYLG,11.688002959828502
SOCL,11.701508286613294
SDP,11.722119515406092
PATI,11.729352541478445
STSA,11.735946155455176
TELA,11.751052456618803
OMEX,11.762235107251026
EMTY,11.787110362659364
DXJS,11.802947121230082
COOP,11.80713464634335
EWY,11.826971983349068
RUSHA,11.827837949799527
GRZZ,11.86530995343548
BLFS,11.867738663603765
SBIO,11.868889461799574
SPUS,11.87013658316909
INNV,11.873267685356371
ING,11.878036200048394
COF,11.87880517709472
HTH,11.885711874794842
ILCG,11.892086038567632
EXPE,11.906439606764566
DRI,11.90957058924534
MAR,11.940086169529978
MSM,11.949509728794796
EVI,11.949945042889084
MCO,11.951459143891352
FLJP,11.966017994035944
THRY,11.973520125976101
JOF,11.976394698932582
SCX,11.982875184934638
ZYME,11.990451839025805
BLKC,12.001973248144795
AIV,12.025296806355376
KROS,12.043072700488423
FDG,12.04335587188234
APPN,12.064652974693924
GNFT,12.070181310238453
JHG,12.079413436974177
SCCO,12.086493640737956
ASR,12.107191588017074
LFMD,12.109401471802984
ICUI,12.119206365962846
MKC-V,12.119293950201113
BB,12.126862097002778
SNPG,12.139731183658368
EFO,12.140447499497373
ESLT,12.149020990920379
SRAD,12.156873794756615
CRECU,12.168039335724862
EYEN,12.176025332490678
OSEA,12.199613757939144
GSJY,12.205963025850034
LMNR,12.227124184943678
CLOU,12.250955277142333
PBR-A,12.27503171854319
ARGO,12.287159905679053
ROK,12.294410395054106
FIGS,12.30291291007712
SIOX,12.314823399812056
WEYS,12.315401802785237
ENZ,12.346319330902853
JGRO,12.34891781057378
PMCB,12.390102021047616
NFGC,12.405846391148225
DTB,12.408127383484683
PK,12.417555704700375
SLP,12.422735201198194
JJS,12.435646274934314
NVS,12.440985647039657
QMAR,12.467837336288264
AZN,12.468083193335616
ITUB,12.473263361795068
CSGP,12.488304184685468
VUZI,12.491528990361228
MOG-A,12.499988209056948
OMC,12.51084877937243
ACHR,12.517482002426458
AXTA,12.546568368090682
BCAN,12.560004017720969
TWEB,12.564892274017902
FTXL,12.5696242198747
YALA,12.570464198939336
CNTB,12.59250785509363
VOX,12.595950622083127
GASS,12.616454018600209
SFYF,12.62572433030459
BCH,12.634577491279265
RADI,12.63787633911148
EWJ,12.638326144143486
WTS,12.651632533672519
MFG,12.656062713262243
BUFQ,12.656982776521708
XRAY,12.660696444941708
NULG,12.662287226130317
AVTX,12.666667101852624
EAT,12.666978721793122
CCD,12.683409944643733
SHCO,12.685243802324464
TYLG,12.69616651566739
LYV,12.706380225479835
BULD,12.708057856938716
OOTO,12.748282121286994
STK,12.758618894839652
YELP,12.767576314797125
IWF,12.768986662830685
FG,12.770382349381288
THO,12.793342252437808
LAUR,12.799662322369795
ARVR,12.811428483667964
AOS,12.822831772738368
BBJP,12.823890829560792
XLG,12.825042364278408
CFFEU,12.834230201591645
VTEX,12.849788779270066
FCOM,12.861142087987645
ARCE,12.864016013416716
ACCD,12.867216486183262
STER,12.878632411431612
VIV,12.878750833724531
JPXN,12.892985008294186
CWST,12.898111096733732
XDSQ,12.903648142929242
PLAT,12.916915571526863
HLX,12.960371072956105
HTGC,12.972029212707566
ALTUW,12.983955130895646
MHLA,12.98915197668829
ALGM,12.990209141932747
KFS,12.996090525482545
VREX,13.008921180772361
VONG,13.026120947377587
SMWB,13.026990373701524
VCAR,13.091347905732182
THRX,13.09989740016388
CARZ,13.119551735082622
ODDS,13.122175652834414
ALKS,13.122870309344092
NRGD,13.124750063139807
PLL,13.131261215179757
RRR,13.134866424958682
FSLR,13.158650081161705
IWFG,13.186918517770579
MSTQ,13.208594639064414
FDX,13.233212186330402
LITM,13.26065394196039
IRBO,13.266099368452577
GLDD,13.273172448463658
VMAR,13.282983145317552
SNN,13.284106490722461
LABU,13.289669358875186
DEFI,13.328130040320241
NN,13.333195651420313
KRT,13.33445870109749
TMFE,13.33755500639031
IPG,13.352603102420577
EGO,13.362827306901758
DFIN,13.375689392064086
QTJL,13.387570938609175
WMS,13.389995880701097
IAC,13.391679200745285
OTTR,13.393562119942661
LOGI,13.396263369821032
IXP,13.418582499188997
PTC,13.41893772109505
AIRR,13.471334620787706
WYNN,13.483212154283919
SDA,13.488779817611487
PNRG,13.491104881674698
FLMX,13.492501418609926
IIIN,13.495599396263799
ANET,13.496146948101117
TYL,13.513934713476704
FOA,13.52257885869136
GNW,13.523221080519466
ALKT,13.525861814281617
POWI,13.541775996058691
EDEN,13.558754182208416
NGD,13.562088843139582
UNVR,13.568154629505136
QRTEB,13.580254067598219
LRND,13.587332558956962
NPK,13.595875113396518
LFMDP,13.608265788274942
AIR,13.614039520765306
SMFG,13.628521985719866
FLS,13.659285783877184
CGNX,13.696201957002302
PWFL,13.710912204182895
TRMR,13.724556094601034
AMK,13.746395760737668
FORM,13.786726508369293
EDIV,13.801345347024583
SIX,13.801547913692158
ANDE,13.806630410933558
NR,13.809608767653838
TRNS,13.851601666642722
FF,13.863642865737475
WRND,13.879174947188549
ZIVB,13.885180155322875
BBDO,13.885306365215072
BRFS,13.890224324293218
GLRE,13.891889997132228
NYMX,13.902671948918655
QSPT,13.904273513458545
RXO,13.908731311588705
ROBO,13.931429627268646
ONEQ,13.931657474544036
NWLG,13.93194115042078
QJUN,13.939054743167404
SNA,13.955541908496366
ORLA,13.9729751366469
PVH,13.992050825765759
IPHA,14.008827646134996
PGRO,14.050368067318306
GLOP,14.068057369585116
OMI,14.084618868656424
TWLO,14.103896532849841
UCC,14.106933716331202
RYI,14.120699350701132
IZEA,14.122850364744007
HUIZ,14.148416062972682
NBDS,14.153197627381116
ATI,14.180800447340768
CRH,14.196916651852852
WANT,14.203732086280738
KELYA,14.221714214056819
NTZ,14.235635376355427
GTIM,14.235654376679344
ERII,14.264124534428557
RERE,14.271060570328773
UPV,14.274078090367132
PSI,14.284653340711372
INDI,14.285530693744574
ESGY,14.2987831874583
SJ,14.301857072185959
VUG,14.311292259216845
USIO,14.31614338902274
IWLG,14.31962346496043
EWW,14.326293204913773
UPRO,14.343415505367913
BBVA,14.356006409658761
QTAP,14.37912678890923
AAOI,14.379406848507644
VRA,14.390045146094247
UBR,14.397480268427893
HXL,14.398312131746538
WCLD,14.399190050986283
QTR,14.405598165586861
SPRY,14.415236058055719
ELMD,14.436123398688396
SLM,14.461355103269893
QTUM,14.462930850571881
OSG,14.471566825609983
ONCY,14.488277156350474
IWY,14.48922189125303
GTLB,14.506427032993335
PTF,14.526036821664814
AROC,14.533769086905906
ESPO,14.555968449176943
BOLT,14.55788539927638
SPXL,14.560418585118857
AORT,14.56676078292368
SP,14.569074165868901
ATRC,14.602442569377603
KLIC,14.608864264522495
SVC,14.610727859007952
CVRX,14.621468359979225
KAR,14.628644646518909
LEDS,14.629462855643075
TUG,14.650532996134988
ROVR,14.676962488576628
BDL,14.69386003326513
UBA,14.702932123513197
BTBD,14.708583977498188
ABG,14.778720829904197
CDRO,14.838147496655129
KE,14.841390327800392
WALD,14.85529743425601
BKD,14.864497800729668
ATKR,14.88985168578786
ODC,14.891655884964338
ILDR,14.922931618456579
HI,14.943255930198857
LIZI,14.951443336631284
AGM-A,14.963896515026557
GWW,14.964140787868335
PHG,14.964481920226824
XITK,14.973247094610704
BA,14.999912642539066
MMS,15.00407551654625
PKB,15.046654479077528
SAMG,15.05218028072169
QULL,15.060472186862386
SAR,15.060871196305314
LCII,15.063709602067906
WCBR,15.14874615932168
VSEC,15.159427583236607
UONEK,15.19503659106411
LRGE,15.20661140220454
IRDM,15.245229368710294
VRRM,15.270887885915958
FNKO,15.285371281868853
IVES,15.294932173220005
LINC,15.318777443456305
AXR,15.336940656901504
EDTK,15.342238414875803
MMLG,15.34304880318172
DRRX,15.34371312691949
XPND,15.346154925023365
MNST,15.347618494766888
IGT,15.34762280038976
MRKR,15.361977648363862
BYD,15.36312695497189
BATRK,15.367764810072071
FDIG,15.402682251203464
XELB,15.423275321834678
XDAT,15.43503117634439
REX,15.4371510122196
GLTO,15.456570279273715
TMFC,15.473359946098459
NVR,15.50845241936022
GEHC,15.51930348545964
TEAM,15.520278771425255
EDIT,15.521544614915065
EEFT,15.52540557141056
BATRA,15.529246270817627
IPX,15.535825184645406
MEDP,15.553016648464673
SEEL,15.573990939889445
FIEE,15.577671236621104
ARKF,15.596323741439482
OCUP,15.602544540362684
TGRW,15.60855088348021
WHLRD,15.614911021209604
AFRM,15.639241768220986
BWEB,15.643964918233893
PTNQ,15.64964414221562
ROBT,15.663026454607742
ABR,15.680505206027531
NKG,15.694859494663943
CCO,15.75854225999943
NUGO,15.772023159155033
WTAI,15.773507997936154
DELL,15.781796558808436
PAG,15.787439065971945
LMND,15.790855576870175
IDN,15.794834045352019
MBIO,15.812274641778654
NCLH,15.825256420670621
URGN,15.844417037562028
FGRO,15.85829063273319
MPWR,15.944077335706874
VCTR,15.951223532153206
REPX,15.954823637301258
FOUR,15.960572567567565
CARS,16.00010560663692
GATX,16.011291628346157
PH,16.01163737519804
SLGC,16.014961855570597
CNTA,16.017519256619952
KPOP,16.024788779225496
XHB,16.028948066147496
REUN,16.032657496666385
AMST,16.05417235534845
LCG,16.0551329809141
ITGR,16.074818270984455
WINN,16.110531651134274
APO,16.110881853902377
ROAD,16.171074736682833
CLBT,16.232089875246935
ALTG,16.23328742757196
RPD,16.2350201947465
EIRL,16.23607895648904
VR,16.277160252371004
SWIM,16.279269200593887
MGTX,16.302289489812775
SCHG,16.30702644635887
OMF,16.312062792623134
OMGA,16.349336009501027
CAMT,16.350434695706113
RCLFU,16.355713662580413
LOUP,16.358825614085827
ESGR,16.363953668575103
CCEP,16.36435075677762
FDN,16.365802678547038
LPTH,16.367138054230768
TIO,16.388290303367235
PFIE,16.389017425143347
LVS,16.3908798579741
ALIM,16.394816421742735
MGK,16.397585010049994
AAPL,16.427560458417865
IPW,16.4422939896812
QPX,16.455889098530662
BGNE,16.45608702582352
DY,16.460387646467158
FLYU,16.475925624819993
SPLK,16.494843800825738
ARRY,16.496433750788963
H,16.5056010755965
JBT,16.54966432401608
LPL,16.56707741157239
BITS,16.578160181833216
AQMS,16.581152407484314
CVLG,16.582510494433055
CLB,16.591610661842154
BSAC,16.596177562613683
IMOS,16.669763431086203
SKWD,16.672667825079312
IQM,16.676909110032685
HWM,16.67705985456844
BKSY,16.721825010001687
STRR,16.72505692698776
ARW,16.76620185294428
LIND,16.76890219782235
UAL,16.771465908480394
TSM,16.787744650505896
FBIN,16.805791541760364
AGX,16.82485110999552
HFGO,16.83844478411546
WIRE,16.839466017307636
ESNT,16.85206492150578
NTNX,16.857863508027265
AKO-B,16.85978798720521
PFES,16.901339116919317
XLC,16.901359304075296
ENTR,16.938461959801298
NUO,16.953006353680266
VCYT,16.965927039730992
WWD,16.991402899939317
VVV,16.992420532681997
MUFG,16.992989633157908
TCHP,17.003060109020705
TWIN,17.021623596739104
BKTI,17.044433384111407
BIVI,17.10078143825011
CCJ,17.119875370717665
PRGS,17.135075410897905
IR,17.141302376311284
MTG,17.155516257775187
TME,17.170624860361176
VERS,17.177462739286465
IBLC,17.19328032301693
QSR,17.205231917100917
PJFG,17.255481826206083
MELI,17.261285839799108
GRFS,17.275783441224142
JOE,17.27625325539046
DESP,17.288923445330614
TRU,17.308677057344713
ALC,17.308757579206365
CRTO,17.326196230130858
GGG,17.351026102363775
FMET,17.370471965936055
GIB,17.42323819923396
BTF,17.439155865429218
NRSN,17.45897667090503
NVDY,17.47275482996711
FLGT,17.48832096960493
GEGGL,17.518812879538356
AGM,17.536033668836506
WK,17.538465988576608
TBLA,17.541304128063786
ANSS,17.58401484508458
CC,17.59462177485334
MSGE,17.609681782679054
BRZU,17.61377993698616
WWE,17.63834942347795
MTRN,17.644915338447507
SHOC,17.65720921900497
PNQI,17.658270810162687
CMPO,17.66670825012811
GAMB,17.68750285019372
MAXN,17.691613074848263
NEU,17.73025250633912
IOVA,17.746486578003896
NHTC,17.757511662968266
CUE,17.757928089951296
IGIC,17.808067169322893
USPH,17.80981253740129
VANI,17.817571689690485
PFIN,17.818480499923798
IGV,17.83581366638287
QQQM,17.890413858212
QQQ,17.891069055867565
CRVL,17.92322681858458
BCO,17.935660618618414
HSBC,17.95129824842276
MMP,18.002055250870917
EPAC,18.064232635469928
PANL,18.092577153996825
OLED,18.123095143428934
PEGA,18.16856819056453
CASH,18.210680522463157
HVBC,18.239404227617893
MNTV,18.25307234063552
QQMG,18.277913303223492
ALG,18.28317851625451
XBTF,18.288369850995526
PXLW,18.291787394387164
CRESY,18.299746628759298
NYCB,18.3236267386247
BDC,18.3343607950567
CTGO,18.384690776074116
IETC,18.38906652800316
PAR,18.397797763135497
SKYY,18.413817559720876
SKT,18.41820235972728
MATX,18.4288382573281
ETN,18.43419335425666
FROG,18.45204142492932
BSBR,18.456218145764364
FTEC,18.461137567593838
WDH,18.461709215197814
VVPR,18.46300987891083
FBCG,18.48980327352753
TX,18.511616251142097
ABST,18.533383365919303
CCU,18.54771934100805
IBP,18.548390900381655
BCC,18.56111453524981
FLT,18.575203827028037
ON,18.603830132437494
KOF,18.633369839024596
PCTTU,18.650679429864457
GPI,18.66912809205595
OSPN,18.676542267273256
VGT,18.685059853343766
METV,18.709372569829195
DBJP,18.716647356659095
MU,18.725861793793953
DO,18.726010662814925
EWTX,18.769156365301555
OGIG,18.773501118070595
OB,18.812379971319686
QQH,18.81966623268049
LSEA,18.85281055273985
BHRB,18.860083916703115
ASAN,18.880490140474116
REAL,18.920284462309855
CYD,18.939117643387437
EWZS,18.941601777550737
DXCM,18.953702894406963
VRE,18.96464758012682
FWRG,18.96990988240922
DXJ,18.996610737519692
SCHL,19.044093264067428
BBD,19.06087631342531
MLCO,19.083200244269648
TRHC,19.093246160528526
CERT,19.098917864451344
SNOW,19.109214266647164
RFL,19.11629832669723
TTWO,19.120061373802542
TIME,19.18781433475625
HLLY,19.218290768338537
AKO-A,19.22489150018776
AIQ,19.22930581956569
STN,19.258344226456703
ESTC,19.262675492821508
UBP,19.265510670389506
GNE,19.271411971183287
CUBI,19.279167126392313
FCLD,19.303881792395913
LILM,19.329805189728337
ACGL,19.332420837908884
INBX,19.342750648671903
BTAI,19.356277533423427
EVO,19.371754766407395
KRTX,19.421797809788565
WDAY,19.428297931712248
CNF,19.444473466622387
IXN,19.475114071952287
NVT,19.480588380758952
QTEC,19.48451753506495
PHGE,19.49206375113951
IMMP,19.505937216440927
WLDN,19.533470961889847
CWH,19.535160768741562
OM,19.53890217928481
WSO,19.54024034459393
OI,19.563279124999568
SAP,19.56613465845877
XLK,19.577795140768835
DICE,19.591131659336316
BILL,19.61512863801892
TWN,19.61600411808147
TK,19.618884214322723
ALGN,19.620180019209176
BKCH,19.63434371675563
CELC,19.69216247108722
CELZ,19.75150060030034
ARCO,19.756638962049596
ARES,19.778671969066604
LTL,19.824301345316787
PP,19.858607606800398
PNR,19.86893408489917
TNC,19.893574999275476
VRSK,19.895848554848904
TECB,19.901965129390458
WNC,19.939158815663376
SITE,19.950408812027366
THNQ,19.951047905280834
OMAB,19.954417061911766
OBIO,19.959160727111072
TREX,19.990179020775116
AURA,20.093402747499034
ACA,20.1072656340677
TCRX,20.134978298706667
ALOT,20.158028206329355
CHDN,20.160785730304625
MNMD,20.20759030338137
AOTG,20.239355996065054
ASML,20.2531750085943
FERG,20.272080463585873
FTI,20.27807739136591
CRWD,20.28455622286787
OR,20.315986491694098
JHX,20.332454099231395
ORIC,20.33837357820404
MBLY,20.343403364904155
LSTA,20.397907798953927
MMSI,20.405338706793106
PGNY,20.408274729891872
LW,20.503827263507713
TDG,20.510957098880354
VMC,20.544647884048526
ARWR,20.545448876679288
AAON,20.68838129992947
IGM,20.70059545958096
FANH,20.717573259305645
MEC,20.719864725812158
OPXS,20.737836744737386
EME,20.799083609473463
RAVE,20.819212798371144
DVA,20.82541875729999
TIMB,20.826165015559702
BKNG,20.842218732871665
SOXQ,20.858826995400616
BIGT,20.861604570901115
USFD,20.878320373539704
XNTK,20.880695110666707
PRO,20.89079214619828
SPSC,20.91443320506288
PWR,20.921773005898896
LECO,20.962076073391184
SONY,20.966062690854198
AIRT,20.97697186968049
CVLT,20.987115399948614
KBR,21.01870033229925
SOXX,21.03864354453001
CRIS,21.06376909812382
DOOR,21.08942005457251
TKLF,21.09052211067904
MYPS,21.103271938464896
CRMT,21.104508587770663
ATOM,21.140319705521478
AGRO,21.164395363397887
LII,21.22030038054852
MLR,21.23251872069078
CLH,21.244610157752042
CYCCP,21.244700000297783
OPEN,21.318094316999797
PRME,21.328540961054074
KTOS,21.337175273735795
FSS,21.34439490244296
HEAR,21.350990625017896
UWMC,21.369626654591023
CERE,21.375446903746635
NSIT,21.384061663815825
JAKK,21.399589003322095
HIMS,21.40565790291602
VXRT,21.44004723777203
EURL,21.459172197771714
ZG,21.54144704359199
DECK,21.54520761270674
NMIH,21.567585658044727
THR,21.57984797936826
MPTI,21.580186551103484
LEN,21.59265540358605
SQSP,21.709786783121192
NVO,21.715505988556554
BPMC,21.734199645505072
HMC,21.739997650155185
CSWI,21.753722214614
MLI,21.76584816350648
MDV,21.76648120587379
LRNZ,21.790704079890062
ALSN,21.797842788047266
IMMX,21.830192242582708
FOCS,21.884830743612753
XGN,21.890914113462486
WTID,21.897400771651967
DBVT,21.916501997929405
Z,21.95052065936867
SUPV,21.97779778302297
AMZN,21.99486522057369
PRQR,22.003744315449786
TEO,22.007262679212058
TINY,22.019149781170682
TOST,22.020756087900136
MSTR,22.02871381510811
AAPU,22.046872298469268
HWKN,22.058596275656175
BRF,22.12285290018767
WST,22.131868440382117
GFL,22.15040828624829
RVMD,22.15128916780405
ZIMV,22.167987200810096
CDNS,22.168555886653994
HOWL,22.18939009137141
KNSA,22.230591991323287
ITB,22.235137476688198
GIII,22.24403287253626
HCI,22.2877154714162
DAT,22.290105027288483
SATO,22.33460585818112
CRS,22.340619344400963
EPM,22.341294000604083
QGRW,22.347378468415553
EZJ,22.3650574710249
NATR,22.37147957084315
KLAC,22.429508807241888
BECN,22.434398656675846
LGIH,22.46074760331546
CMCO,22.461053578416067
FDMT,22.49896398319143
DASH,22.53879530093367
PCOR,22.570813269276258
TDUP,22.574256206457186
AGI,22.58381816565647
BFAM,22.61139255081292
OII,22.637533569224015
SAIA,22.646038329044437
OMCL,22.65300791762823
ASX,22.701859789167226
MLM,22.70465747944114
MWA,22.73335591490412
LPG,22.7624527069545
URBN,22.79981820655896
FLYW,22.813194577219033
SUM,22.847171222099906
SNTG,22.865214350904136
CRNX,22.8743342328263
NATI,22.87851500985118
KRMD,22.900113938173188
CRM,22.944852870992527
UVE,22.97495593589479
INMB,22.9904732597587
NVMI,22.999237305877056
FTNT,23.011270109690294
COOK,23.014599115558056
TRFK,23.021082419948673
MOMO,23.07245525587896
INSG,23.101766435417
NSSC,23.123585613648963
SPNS,23.12852949434258
TGH,23.151333354497154
RCMT,23.247133884727024
KNSL,23.250176021967
ARTW,23.29931063170954
IYW,23.320254367824873
AU,23.33241768879387
LUCD,23.33987730103908
ATOS,23.384878835561416
VSH,23.420747224699333
HCP,23.449010764791804
ZNTL,23.49470019454604
JBL,23.515068349212857
ADBE,23.518696779612725
CCEL,23.563006348349745
ONON,23.56326935030885
EXTR,23.577797530961735
ABCM,23.638119087721833
KC,23.642416960744633
CAAP,23.655411299589584
SOUN,23.71300030222675
AMAT,23.72258552320518
WING,23.767142841836307
ARGT,23.76793728248925
BLKB,23.807015901789985
SUMO,23.83012853588129
NIB,23.8340812613207
MIRM,23.869232624845505
CLDL,23.873704815016406
ROCK,23.899294573121722
NX,23.927680968620006
RCM,23.968333671602732
TAP,23.972014720177626
VMD,23.99018109261941
CVAC,24.009929794675315
NCRA,24.03928946720171
POET,24.07103215143523
RKLB,24.07819331095091
IWFL,24.116665933149523
PYPS,24.128825163493783
MEIP,24.20438815302257
SMHI,24.239801080135074
FMS,24.258554485024746
MDC,24.2752516881962
MTZ,24.278396604163294
GT,24.302427445254533
PRI,24.30865974380636
TNET,24.314979075175316
SKX,24.320341880626472
AAPB,24.32665229577425
GPCR,24.34276803823618
ITCI,24.349908038822942
SMH,24.365288141389925
MOND,24.38223879605768
BCLI,24.38330739102824
WTT,24.401288115781554
FLEX,24.401323832830187
HOOK,24.448900422194043
NTCO,24.46397440291935
AUID,24.464960794184524
CLWT,24.487206389521415
CVT,24.528291696808914
HUT,24.533184594231784
GOOG,24.699494995508225
SOVO,24.699972309367464
NET,24.700194140437375
IPAR,24.744616178898358
CSPI,24.77267513833168
BLD,24.791955336849647
NAMS,24.817648106603297
RACE,24.828872583383617
GOOGL,24.857748608023417
CRSR,24.87125456696339
ZS,24.87152918663968
MATW,24.903363089071437
AXSM,24.960652602746897
PRDS,24.962929028545165
ALXO,24.97132762742453
MRNS,24.986369161974668
ERO,24.988981563767883
BITQ,25.066400488613628
CCCS,25.10350990966785
BTMD,25.11578667700942
CMG,25.124894263876495
FBGX,25.141176164699274
CRDL,25.1578712374577
PUBM,25.165542311259582
LLY,25.1966016690756
LDI,25.218898204453023
DYN,25.25659706895176
CLMB,25.268026659516984
MLNK,25.28503886935727
WUGI,25.30127681783634
CRSP,25.346798560581906
ZEUS,25.37989714573774
WHG,25.436970850198183
SNPS,25.43771287142671
SWAV,25.460828886664565
PETQ,25.5057632341056
TBBK,25.511421304409115
ITI,25.56811640492586
PGTI,25.580454194884528
RDN,25.63762481183082
BDTX,25.651899392483337
CNM,25.69751850732177
SOPH,25.725391593500564
MBC,25.75556986757757
SCPL,25.759979602106764
SGRY,25.809796864578626
LMNL,25.842176067271865
CUK,25.845380533594476
CSTM,25.92588788399982
HLIT,25.936284983223846
EDU,25.95374059111995
W,25.998543693162055
ARAV,26.006534914422097
CATX,26.025940284391403
KODK,26.043013353264243
MARA,26.058888273496052
GHRS,26.066920125258804
COTY,26.16137338434849
CPSS,26.16323264078248
ETON,26.16820612816323
VGAS,26.17967795646323
AAN,26.193316711390867
VECO,26.25219054750247
GPOR,26.318684196286217
INSE,26.464726579827552
CPS,26.47502627426342
MLP,26.506522137022266
GBTG,26.572023281230194
EXP,26.592635817879824
PATK,26.62877638699407
ARNC,26.638211381468256
SNFCA,26.65661576856284
GXO,26.666627005400574
SGEN,26.68274489777499
CWCO,26.739355432261526
NOW,26.777712376212577
AVDX,26.77922411684618
ENVA,26.78119692734249
APG,26.81160288653157
SPXC,26.817842864880593
CHUY,26.818084571943512
GMBLP,26.869715686655216
NNBR,26.890619217924005
EPOL,26.918921429224664
FMX,26.922962772937698
FIP,26.998807841905997
FTDR,27.00092910718672
BOTZ,27.029285468015928
PEPG,27.03171729021447
ALGT,27.05733877538744
MSFT,27.07808130164977
TRVI,27.078431041548832
CETX,27.079429352678318
SDPI,27.08837126667514
GREK,27.144915072581643
KIND,27.17138829159218
DXPE,27.17279264807414
CCL,27.20115034053207
NFLX,27.24739585100834
ANIP,27.314504163382537
PNT,27.318979144444484
LEJU,27.34401475145723
OC,27.356029955441997
HUBB,27.360710617263273
TACT,27.37882251596584
GENC,27.4694439344627
BRBR,27.525288398764268
ELA,27.580632609794552
PSTG,27.62769924523798
DV,27.636000378148083
BLX,27.695585151809894
RUTH,27.699633183093734
OCS,27.837421185054627
IE,27.839294116850688
NLTX,27.868878576760803
WEIX,27.89719941399076
VCEL,27.922510907815916
PROK,27.929347566855917
TARS,27.98742111433586
VERX,27.995639570860785
RTO,28.007615868573453
KORU,28.048163330489352
DHI,28.05880305823743
PRIM,28.095314318576982
PDFS,28.172934558444418
CARG,28.202287115135466
ATS,28.20436381528999
REPL,28.21990655344426
DRTS,28.237983011986806
MINM,28.2384046567968
SHC,28.240051348956296
MRAM,28.24218403498115
NXT,28.24376076321687
HUMA,28.288053560221815
PANW,28.29480772870851
GANX,28.393182874899423
CRNC,28.493056737661494
TCX,28.50206765839114
MYNA,28.50636725197948
CCS,28.60895531937108
AZEK,28.68423031055267
SGML,28.69604474443791
IMRX,28.777197083511336
EVCM,28.7824489408998
MPLN,28.787175560494262
AMWD,28.79132692726609
ANGI,28.800174096846114
ORCL,28.81412476635783
CYT,28.81595152070469
LNTH,28.817255434656396
TAYD,28.98676588593353
COMP,28.99522650904706
BBAI,29.019792960949857
LEN-B,29.049159631154296
FRHC,29.13559040390202
BMA,29.198675540980247
FSTR,29.204459920338167
AUPH,29.250147766056156
PKX,29.27635938501488
BMI,29.279420653510634
AMZU,29.356866277115824
ISRG,29.452081893298793
SGG,29.48782880399522
WT,29.528680888396487
TTSH,29.62663825846755
EXPI,29.62793580346601
PBPB,29.65569192107927
SAGE,29.657317238394132
ADMA,29.662172558339268
IRS,29.668950924656627
ERJ,29.7220722095786
RRGB,29.74192524220134
TXG,29.837355105930225
NABL,29.840765634341405
NPCE,29.850622131845515
GLBE,29.85700252391546
LRCX,29.92305297035199
CCF,29.941361073525343
AVRO,29.973300568001253
MRUS,30.08679497928756
SHAK,30.089328246222408
RARE,30.103091372857772
GENI,30.117183211591886
PLYA,30.209979334355996
LFST,30.212125252058065
EXAI,30.24737647819044
CPRT,30.25481944608663
LMAT,30.286853687818372
SPRX,30.308907675872597
ATEC,30.310452566513874
BSY,30.313687175012415
IFRX,30.326274528665877
PHAT,30.327511009299577
OEC,30.42271791878055
MANH,30.50043426980904
ESAB,30.505698995647577
XM,30.526932471906786
MTH,30.53936656448601
OPRT,30.560773051277597
GKOS,30.561650341973422
HMY,30.67129498015847
DOCN,30.695290799318002
FIX,30.697032852972093
TMDX,30.699492821556085
DAPP,30.758682522547304
WINA,30.798444235919398
OTEX,30.947056272971942
CANE,30.96136260493364
ALTR,31.01910981868217
SVXY,31.16261602407991
STNE,31.188073970799547
TALK,31.20216469744335
PATH,31.257894636362625
ARCT,31.25957872869477
DOLE,31.28439300436642
BOSC,31.34508249864627
VIPS,31.34545216742558
AVAH,31.363149668254035
IMTX,31.430630125627957
TRTN,31.438251741941333
GMS,31.44998135931094
CNK,31.529905339922486
TEX,31.578036985162754
CPA,31.587322326326856
SKYU,31.60619435370895
BITF,31.685984459400668
RIG,31.69183483355768
FICO,31.694107490988166
MYRG,31.71867456187694
PRTA,31.814494469783693
BWMN,31.883760165228225
LUNG,32.000818363898766
TTD,32.11034604634769
EBIX,32.15537199331892
SPRB,32.18845000696455
DT,32.209243972647414
QNCX,32.28376226926431
CRMD,32.31243218314966
BWEN,32.32457423844524
SMAR,32.40820340159986
SSD,32.7437428391719
RYAAY,32.762432321526404
SPB,32.86680468643587
LFVN,32.894327127624976
ENTG,32.900247567636065
TGLS,32.95907803095375
HTCR,33.01005243706661
MREO,33.112557986350154
GRNQ,33.14515481554928
YPF,33.215888848603235
APPF,33.31427381603279
BYSI,33.46853055159936
WGMI,33.48472832557865
IVDA,33.51799151654286
KALV,33.55692833268261
DSEY,33.578774691896825
LIAN,33.59013268668672
ORMP,33.60889589513248
QLD,33.62566042447714
MG,33.714503142847356
WFRD,33.72122067887872
GGLL,33.72497692996447
BLBX,33.776422279678066
DBTX,33.91627775396093
RCKT,33.94606724739096
NAUT,33.97840293264422
LI,34.010657129594335
TDC,34.266831283019584
CREX,34.387199019179775
PEN,34.41800937912281
NOA,34.47696095819881
VSAT,34.52303726247665
BXC,34.59153086048295
SXI,34.59288583767726
UBER,34.595958096015636
ITRI,34.63022854199492
CRDO,34.66434042621337
CEPU,34.71033630070926
GDEV,34.71374338970157
CNMD,34.7836482994201
IRMD,34.81672280488966
ABEO,34.88271954155747
PLAB,34.89546962497285
AEHL,35.00111979680328
ATLC,35.011231887733416
BAOS,35.1133021778727
OSIS,35.13002116493138
DYAI,35.2157537235342
SOFI,35.302417767051466
PAM,35.45609472288184
DRS,35.47050311117489
COKE,35.507272818885724
SGH,35.59266981289642
LTCHW,35.680444402506446
XP,35.69010143767911
HMPT,35.88028076904351
VRCA,36.0238309763616
JBSS,36.0564278229702
TSQ,36.066677601473714
LASR,36.12327419926952
THC,36.13370741224314
KZIA,36.19920934097618
SPNT,36.280464524284106
GFI,36.2851358497545
DDOG,36.35684300046491
MRVL,36.38636412541355
HSKA,36.411212318504035
ASUR,36.59144695584672
ACAD,36.755395125090466
NXPL,36.78059168447421
VTS,36.78251675101761
MPX,36.837205406754535
CRD-B,36.90517195527999
TGS,36.94789929368588
CYTH,36.975496540424054
VBLT,37.23812466375709
GOL,37.38462672868399
NEO,37.39799925704837
FNGS,37.419194415224226
VRNA,37.474330398085996
ENS,37.60049236322921
BVH,37.61840145671812
TOP,37.64333651254176
NBTX,37.72705399564107
KRUS,37.75913123849024
UGP,37.7791367541621
FTAI,37.78806283321387
ROM,37.80223213275325
ONTO,37.86823896004598
AKRO,37.89842264771766
ASLN,38.02811334703241
AVGO,38.067062696448964
ONTX,38.07848031650932
IPDN,38.085446211348604
WHLRL,38.11432443433734
ANF,38.11969191590211
UPBD,38.15395538807222
FTHM,38.19926753548164
FRLAW,38.25397242978509
MSFU,38.29382148867827
KBH,38.35316848821029
PKOH,38.35824978378155
SPOK,38.39004377210221
DSGR,38.42547875985563
NSPR,38.45046435996533
SMRT,38.51418033930202
SNAX,38.595389514347886
CWBR,38.68109512746905
VNT,38.837103480645176
BH,38.84412257388002
RGTI,38.894676033567784
BH-A,38.996475437698194
AMPH,39.03574282241625
TOL,39.08569900488648
WEBL,39.11105413250393
AUTL,39.13670279365428
GSHD,39.16424399472908
CXM,39.17619782444865
RLYB,39.28894112954891
JELD,39.36912952743193
CVNA,39.459602428416744
BBIO,39.49224533947543
RDNT,39.518934073251785
TUYA,39.61943239709021
VEON,39.71356983141197
YMAB,39.76945239799862
SGU,39.775314586938904
TERN,39.905324530451345
HSC,39.95442783771621
MKTW,40.021335130700436
DXYN,40.06358301210373
AZ,40.08599170240879
LWLG,40.11984371940588
MLSS,40.269398533943445
LUCY,40.312000186738686
HQI,40.31448870885801
INSP,40.331221982199274
TARO,40.53495616373246
USLM,40.76658836972594
MUX,40.871103647073916
BUR,41.0756972732034
RIGL,41.07984429852307
AIP,41.148982260276554
GGAL,41.15825089776799
DGHI,41.168417551359205
SMMT,41.28744028793302
TALS,41.449129499704625
MEXX,41.73443066835878
NYXH,41.76327199143143
LZ,41.776312287050146
PHM,41.856957470932
ELOX,42.249487694972785
MATH,42.36436751745153
XYF,42.376934210129114
LVWR,42.43634139368402
BBAR,42.46860923433421
NVEC,42.58256378352204
AMRX,42.593428703231105
PCVX,42.59852461511009
BORR,42.73178580642514
PALT,42.75899758728865
TGVCW,42.85032604760235
GREEL,42.865954636368755
JOBY,42.885756997141144
ACON,43.00097706738414
TMHC,43.049982099730386
STVN,43.06598682992997
CRD-A,43.157110820249365
LQDA,43.230753968348004
GE,43.260087311539976
LPRO,43.39273911577761
ZUO,43.467144373634795
CX,43.56277860209094
PTPI,43.61802932286095
VLRS,43.71106136179865
LEGN,43.808026221321825
BQ,43.83248885231353
CGTX,43.87927982786315
CARM,43.92888341171674
MNDY,44.05231669429126
ENIC,44.09266057544035
GRTX,44.17350293630706
IREN,44.195942771532025
ADEA,44.33867375596059
IAG,44.50585712619522
MGNI,44.561698341933585
LVO,44.5706445624593
SPOT,44.68279268990724
KBAL,44.70001318789727
TDW,44.823474812888875
IDCC,45.36644499953515
RMBL,45.39738673249735
IESC,45.41047369713309
MHO,45.421763490957524
CXT,45.45164282955463
WRLD,45.604407330038626
KOD,45.72349689181801
PACB,45.87344518594032
BHAT,45.8801578689219
INTR,45.90985299109172
LUNA,45.960941681404
GOTU,46.05207469571005
QH,46.067151407758985
FSLY,46.13643415471013
TYRA,46.19504416776456
UFPT,46.45904191694248
MTR,46.49888215244151
APLS,46.583105151823375
AAIC,46.59367021048194
FLNC,46.85114279260377
ACHV,46.894663810706064
CMT,47.02487992040466
LUCYW,47.23304834356604
UBX,47.25231717463387
RVYL,47.298463601423876
CDTX,47.307380428750434
TROO,47.37820441885271
YEXT,47.46071042443825
LPTX,47.70002335676176
FOR,47.71077620393262
FCNCA,47.719551351136346
IRON,48.1995349140765
VTSI,48.27456527414928
HROW,48.37797714571751
MACK,48.41284995969624
MTW,48.45242617244892
CRCT,48.49976881167359
CNTX,48.61202356500453
ARBKL,48.64535059364746
ALPN,48.65037677778762
LTH,48.824742436623595
TQQQ,48.84208657330365
KALA,49.2744240490817
AMD,49.49168664059397
GEOS,49.634972235186225
WULF,49.80957608346171
CGEN,49.82369232595285
NEPH,49.92238058987169
PCYG,50.061899515271826
GSRMR,50.19942676269221
ELYS,50.273053961853606
EDN,50.27759670995322
RDFN,50.39637369788936
SURG,50.62128272437825
XPO,50.773397279078466
MOR,50.90304672871929
CELH,51.073711233476345
VIST,51.3978046288949
LAB,51.4655901430922
JSPR,51.63967749899374
SANA,51.72487032345675
NCMI,51.72818203296916
BELFA,51.776374769491674
YRD,51.96589818684376
CLSK,52.170891852136045
STOK,52.218602240659116
CODA,52.23421378616526
USAP,52.2417724686323
SOXL,52.29920495037946
APLT,52.37748099576223
CVGI,52.73718549341213
GERN,52.84653170745288
SABS,52.94708004260511
TYGO,52.94942563303937
RCL,52.98533146837205
BTWNW,53.18333464898173
PYXS,53.387984902855614
NEON,53.59514426417893
XBIT,53.644697125014474
EOSE,53.66448372679516
CMPR,53.74360371895063
HUBS,53.82066219073561
ETRN,53.909007490125425
HY,53.9638082567788
APCX,54.007563414467796
CTLP,54.04339967317632
APP,54.43838569815581
DUOT,54.45234186322392
PRST,54.51215261610347
NU,54.59419054932925
RELY,54.60234786446016
ARAY,54.82441463021212
BASE,55.02544852871678
TECL,55.09883740190149
TPH,55.21616412653937
RIOT,55.3336943963173
GDC,55.53324786203772
UBOT,55.84837891990861
REKR,55.89366508514794
BWMX,56.201645466137236
SHOP,56.22154716913329
CGNT,56.30301789983325
DKNG,56.54468121942432
EH,56.54921131785851
CTSO,56.59113073835932
INTA,56.782356069217485
LBPH,56.85358819496157
LFCR,56.94054715683503
PKST,56.94444444444444
ATRO,57.48359436434133
VRT,57.51862385538048
WEAV,57.628610154128566
LTCH,57.66611755231992
IZM,58.19835685839099
NVTS,58.34062571719025
BVS,58.5182280724287
UPST,58.656454249987945
MOD,58.669493593838325
SCPH,58.68930506184585
CTIB,58.924428163487505
AMSC,59.0009774387524
INAB,59.21569520258873
BZH,59.24674937347578
IDYA,59.49983669668909
PPTA,59.69430071947629
SDGR,59.756326576864794
EHTH,59.88556507169498
AIRS,59.917516930984235
FNGG,60.03663727924348
PLX,60.113997492637516
DRD,60.22627267846502
QD,60.23583650156949
ORGO,60.42501786252215
MRSN,60.42523607450144
RCEL,60.51251681560923
KRYS,60.690865569344
LODE,60.99207850776649
KNDI,61.02773975750726
PT,61.139876901254
CFLT,61.65852710704941
RMBS,61.88576499740683
AVPT,61.948168688266094
PLPC,62.576114869775054
SVIX,62.796730766559875
ALDX,63.32637201398352
BRTX,63.41680317378049
MNSO,63.45933542868599
ARDX,63.50716157669266
CRBP,63.813726887649636
PHVS,63.85650866728446
IHT,63.88770605722238
USGO,63.93805041329228
MSC,63.9858073628603
PRG,64.04620844247502
ASRT,64.30601215252396
SIEB,64.59361301061574
SIBN,64.85470286628717
DUOL,64.92666624588944
EXAS,65.18269828154644
GRCL,65.3093915591425
BELFB,65.55283722518274
NA,65.66551147478376
STRL,65.92618268066042
KOPN,66.5997489275936
BLBD,66.76527460169474
EEIQ,67.04063705166504
NAIL,67.2564194019721
CLIR,67.49759650628062
HYPR,67.80062325762364
HGBL,68.27402694310014
BLDR,68.2891347678483
SERA,68.38117630960596
ACLX,68.40161474170989
OTLK,68.69874102492876
EYPT,69.21889392766712
USD,69.26551741889958
WW,69.34628935108303
CDZI,69.57202322290156
LUXH,69.603373353146
LILMW,69.85773037103088
SVRA,69.90033600887193
WKSP,69.94768292615635
CIFR,70.5726611865638
FUSN,70.87597994586747
ADSE,71.0538309865871
NUVL,71.36026305279643
MDXG,71.51395625618623
NWLI,71.60317216226159
DAKT,71.68341514537042
GLYC,71.83515566705825
META,71.92541905592232
SKYW,72.05947020471723
VYGR,72.08416874539367
OVID,72.27091666169521
ISEE,72.28951559373917
BSGM,72.68810088616455
MDWT,72.7694543855823
GHL,73.05955459905277
ROIV,73.15457622201771
CVU,73.25733713757023
AZUL,73.37738502302685
ACLS,73.78253239106031
SY,73.83116311174635
CBUS,74.73636763505716
CLXT,74.90657956598888
MMMB,74.94639872839575
DMRC,76.00398161888202
BULZ,76.13229651267386
ACVA,76.72948593031735
HOV,77.20517851553541
IONQ,77.3997417757745
QTRX,77.56905899148381
CBAY,77.6281885088779
NYC,77.72881469280108
AEHR,77.80204369868132
COCO,77.8989695567772
BHVN,78.30313037811581
VYNE,78.52147639238184
DFH,78.53201142276443
FNGO,78.9570457123638
SPPI,79.1437629336385
ADVM,79.16373237527814
DCTH,79.4775753933489
XPON,79.62867675537588
ITRG,79.72291246125926
UNCY,79.99151503979546
IAS,80.00068611412715
GOCO,80.64172382075093
CNSP,81.40415974945147
CTIC,81.53711108629176
VSTM,82.61616173388762
NXGL,82.8855915590141
NVCT,83.10306496977297
DHC,83.46818667224541
BLU,83.64987188283354
ELF,84.73233600445387
FTFT,84.95445093654834
BGRYW,85.08217566370449
NAMSW,86.3755731683224
MORF,86.44803829976507
TZOO,86.57935200097802
HBIO,86.97426610002614
XERS,87.15187261662612
GRIL,87.20729372268072
OCUL,87.55494699448127
EMAN,88.36537257777148
RXST,88.64850463494476
GRBK,89.93513889831047
OLMA,89.99848286831275
HKIT,90.28340136193765
TESS,90.5309983188054
JFU,91.75989904034402
PESI,91.83535998083718
QBTS,92.35274931160798
LMB,92.42280621105972
VINC,92.53487595039765
PPSI,92.74421315706613
NGMS,94.43474165972107
OSCR,94.49682232034773
EOSEW,94.53333665287576
PLTR,94.801113361539
AMTX,94.9913469763753
SLQT,95.36217423996085
SONM,96.64605684537841
ICVX,96.9745074257297
INTT,96.97806134247477
BLRX,97.95721684214729
UTME,98.75628446960054
ENVB,98.80975287978956
POWL,99.07687277576855
TCJH,99.16667026186764
NGL,99.83525225566524
AVDL,99.84999448298318
NVDA,99.9056543901082
MDB,100.06569078659595
CIR,100.39217332736452
IMVT,100.52520622016424
ELTX,100.60915547474227
ARLO,101.48630385759078
XFOR,101.49364234913874
IOT,101.9470442012606
RETA,103.11989477254988
HRTG,105.00063032671127
GMDA,105.1970077199625
DMAC,105.27889544422622
UCL,106.11802943012248
IKNA,106.46219813643907
RVPH,108.21622702288698
TCMD,108.48307230387523
ETNB,110.42146683614232
EVLV,111.52178033259128
PROF,113.99375671890178
USX,117.66439775361965
OMER,118.85097920795103
ELEV,119.15918396775285
AQST,122.18121324859719
AI,123.69951035205821
BTBT,123.91865034762786
EZGO,123.97795873488045
FNGU,124.05328187228774
MDGL,124.27566417990165
NVDL,125.4755493996244
MLTX,126.52921458298837
MFH,126.73370169279781
VECT,126.77363605953683
FBL,129.598574806077
MVIS,130.7557950674982
INZY,132.1912212568607
SYM,133.53961551459582
PLSE,136.58752079700264
FRZA,141.25626432700565
APYX,141.65372661719243
TGTX,142.74027767544365
PTGX,143.18011595392787
SFWL,149.50236989740745
MEOA,151.56481847769905
INOD,156.19120027323274
ELTK,156.70084945504902
JFIN,161.39569257225378
AUGX,162.64079635796918
TNYA,165.3969943644614
EFTR,168.3679037191784
TAST,172.3476549047024
RXDX,174.5055974353492
RPHM,176.24189097798418
OPRA,178.07604312490494
SMCI,181.27377972018618
NNOX,181.8096972047998
NERV,182.97885915729685
DCSX,189.85013545839132
AKBA,191.97072576605723
RMTI,193.66498919955097
KOLD,194.94716331141882
SLNO,195.51994402893175
AAMC,196.39829419052077
MEOAU,198.09272613255703
WLDS,204.84704230769614
TPCS,211.19158643984161
ROCAR,213.93900787859116
BMEA,220.9927086463991
GSIT,223.5500133034619
GNLX,232.1122787825846
IMGN,240.87473245335076
PIII,246.3998841478505
CXAI,259.6742955414572
GDXU,289.39100703830354
OCTO,294.78596547998313
CRVS,295.7233184671967
VKTX,303.55581386331886
VIRI,340.85744530179824
APLD,344.08949667724164
ELVN,358.6195147267173
CABA,416.7421711763074
COSM,463.96826942116417
ENLT,480.66404965080113
UIHC,500.44731579652426
AMAM,861.5599718541766
GLMD,1159.0555424101806
ELC,4243.583167732424
XBIOW,94069.77520428659
