Symbol,RSR
VOT,108.04474523669276
CIL,108.04560095511182
TFIN,108.04768046305222
CVLC,108.04791617290394
AVEM,108.0481474899909
HDAW,108.051960928401
IPAC,108.05322600637848
TFSA,108.06048618589733
OMFL,108.0609789110341
SCJ,108.06143318078702
OVLH,108.06565541578061
FNDC,108.0751886854456
GAST,108.07536675737498
DWM,108.07657573888063
PIO,108.08219812685347
PDEC,108.0841519138363
EAOA,108.08642715527101
SECT,108.09065388924805
JULZ,108.09418548751192
SAGAU,108.09691114383506
DBOC,108.0975026212173
FLGB,108.10322091033822
FORTY,108.11323249083593
OALC,108.12176203397038
TLGYU,108.12497871455044
EQWL,108.13550882483851
INDL,108.14178268363159
VBK,108.14390821418405
FIVG,108.14965104077464
FCN,108.15454388078135
SITC,108.16129987676749
PTLC,108.1729624029032
VXF,108.17378262451399
PXH,108.18268980738188
FDEV,108.18418819557385
EUSC,108.18515050195398
FEMB,108.18890729802361
PJAN,108.18951622392106
LOW,108.18986561346549
COPX,108.19114771992511
NODK,108.1921924612262
QWLD,108.1985030420253
ATEX,108.20921411135342
FAUG,108.21056952439235
IEUR,108.21968681068384
HSY,108.22850601754448
RFDA,108.23223124900068
URTY,108.23275973842019
XNAV,108.23722996759183
LEA,108.23803881284283
FIVN,108.24078851593946
TEL,108.2447927286517
INFA,108.2469435095079
IUS,108.25517834816598
XBJA,108.25612868093808
EQTY,108.25690165722887
SEAS,108.2598059135451
RSEE,108.26551060962454
FNY,108.26638002137047
RBLD,108.27719952134281
TTAC,108.28169594143773
QDEF,108.28250781955094
HCSG,108.28442126258832
PSFF,108.28965573179043
SOHON,108.28973973902175
PHO,108.29105431089681
PIZ,108.29192276054312
ADX,108.3000558142529
BYTSU,108.3093144040296
BBC,108.31275094914116
PIE,108.31438984899279
JPIN,108.31591449343158
UMDD,108.33223355702586
IEFA,108.3388996781559
BYTS,108.34275562465827
TRI,108.34417132097383
DUHP,108.34445461460302
OWL,108.34447623720432
DSEP,108.34487039958887
ESS,108.34690835949299
QUS,108.3481328652959
NERD,108.35004340594796
AMID,108.35544695059909
CLRCU,108.35685031335858
VSGX,108.35954175977649
PCG,108.36195757360684
COGT,108.36213359371513
IWFH,108.36457334326649
WWJD,108.36592622025422
DLR,108.37138277129755
JMOM,108.37737097012158
TMCI,108.38350485320817
NGG,108.38693122966113
FIW,108.38799057115018
IWML,108.38955678510496
NULC,108.39385655640605
BX,108.39623098234881
IBUY,108.41361241503654
IMCG,108.41412409545758
BANF,108.4153588584302
FKU,108.41929055920885
MDEV,108.41951384303471
PNTG,108.42102467501581
LZB,108.42475265224782
UJUL,108.42587565987876
ETY,108.4328358296523
QDF,108.44147996468806
GABF,108.44158798499433
LEAD,108.44369747248322
PSMD,108.44376644662127
RSG,108.44820216590759
APUE,108.46103892890305
JHML,108.46753825369763
CAL,108.47077521271302
STZ,108.47333453815548
OCTZ,108.47652099532793
IWO,108.48251122112539
LOWV,108.48380411314632
EWD,108.48630035658239
GENY,108.48745646801859
QDPL,108.48959650139767
DFAX,108.4932427013386
MAC,108.49325718250279
INCO,108.49358266718586
DECZ,108.49809085770035
IWTR,108.50106992686455
FEP,108.51502136137528
RACY,108.51785050245459
DFAC,108.5194528823578
DBJA,108.52005959956497
RESP,108.52728524087244
DLB,108.53053809940336
DGS,108.5318011643442
VXUS,108.5371147280972
GTES,108.53962875022214
CSM,108.55525847448772
EFAX,108.55539018525246
THS,108.55669538867046
FDMO,108.55925045182468
SHE,108.55969924128976
DEM,108.56208803730485
CROX,108.56425236176857
RAYE,108.56884742786634
FNDE,108.57308651236461
HIDV,108.57513494514902
TEMP,108.57893811829844
VTWG,108.58728183088206
IEV,108.58822874774269
LSI,108.59067260949897
IVLU,108.5962278613347
DMCY,108.60282152776455
PRGS,108.60958725194008
AGNCM,108.60985389675983
BKR,108.61020095777116
PSEP,108.61160252017625
MFDX,108.61192873995248
PBT,108.61227172012758
PTEU,108.62092208483216
DFIC,108.6262408465634
AVDE,108.62700099707311
TJX,108.63579396196525
JANZ,108.64105809646681
SNDR,108.64751392272382
KD,108.668646200708
FVAL,108.68162355145952
SIMO,108.68207160699257
VEU,108.68240746961342
DFSI,108.6835596325275
UPWD,108.69398790506831
DFIV,108.69672163358662
DFEV,108.69896382644214
PDD,108.69914938504583
MDT,108.69960611776624
QDYN,108.7033633464787
RPT,108.70418883580605
DEEF,108.70505514313928
DJUL,108.70885117648054
DOL,108.70953548605448
EMXC,108.71303026980897
GAMR,108.71309862457426
EATV,108.72090948725258
FDLS,108.72438702815997
MSTR,108.7267176408905
BBU,108.72707103179562
EWGS,108.73174850935408
BAUG,108.73920191263285
AIO,108.73944144001972
APLY,108.74386689262346
NLR,108.75880615410182
WOMN,108.75908930264131
EVI,108.75951655174843
NJAN,108.76478498234812
COST,108.77027882541628
SIXO,108.77040427984284
FRLAU,108.77660479336318
NOVZ,108.78184531684529
BSTP,108.78233805181594
FLSW,108.7847182234583
MBLY,108.79886521168967
MA,108.80795676599364
SPGM,108.81210036400186
PSCJ,108.81310162134935
NVBT,108.81333243314829
TNA,108.82061506083812
DDS,108.82741672314654
GSIE,108.82826101162938
MOTE,108.83127633006676
REVG,108.83840855920957
TLTD,108.83878223180159
NTSI,108.84233697580274
KDIV,108.84955564500977
CHT,108.85065446395126
RNDM,108.85301751148234
EFA,108.86430858017167
PAGP,108.87314952836154
SXUS,108.8735457835376
BIPC,108.87742307451445
CGBD,108.8823296864378
CGW,108.89157222297857
ZIG,108.8967416382897
SFLR,108.89710492195982
XTR,108.89924446746022
FITE,108.90587393473145
XBJL,108.90688905155142
GK,108.90794658789011
ROCI,108.9175570071751
KARB,108.9187468476331
GEF-B,108.93302207416443
GEF,108.93513587196541
ROAM,108.9357976681655
RECS,108.93601805069922
EVX,108.94450527075145
ATLCP,108.95035499262391
SHDG,108.95415916037403
IUSV,108.95792927453476
STX,108.95975963643649
PAA,108.9633025051085
IWIN,108.96697078370025
PUK,108.96923877552967
CLB,108.9720361253736
GLIN,108.99085412838701
HFXI,108.99580185428646
FAPR,108.99891441405184
DINT,109.000080716002
DDM,109.0002305542711
AVIV,109.0038981393126
ONOF,109.00507738418851
MFIC,109.00522549575146
CCK,109.00884626688406
AVSU,109.0099921080283
FORM,109.027715919994
HLIO,109.0306580217959
TT,109.03243741343816
QVML,109.03864444233989
MID,109.04562006563717
HGV,109.04588396310882
IJAN,109.04603582416156
FIHD,109.04819835367519
ICOW,109.05239013062948
ESGD,109.05543750196314
BUFG,109.06773750808878
PNOV,109.0690690448413
FFEB,109.07247870241154
BAH,109.07512276246993
DGRW,109.07599612295287
XLSR,109.07898012397501
IQDF,109.08811444270754
PXUS,109.0900481564267
HAYW,109.09342720544049
FSV,109.0960819816238
BUFR,109.0968227474865
KEMX,109.09842926230974
FDWM,109.10443460474747
PSFM,109.11231654890688
PXF,109.12469317504727
XLI,109.1287329204875
DFAI,109.13360398938596
RFDI,109.13705667304328
OSW,109.13839388036311
TINT,109.1423910635367
AVSE,109.14427043398007
DGIN,109.14704811015562
XAR,109.15490630060798
ARMK,109.15520817214652
IJUL,109.16654407751396
DOOO,109.16778941406817
EFC,109.18096263008773
FEDM,109.1873484328618
CLIX,109.18809964257329
CYRX,109.20252470889581
FQAL,109.2044738268267
ICE,109.20656691223415
ESEA,109.20702886810713
KRMA,109.2073046974573
IVE,109.21283411536788
ISCG,109.22282919331317
TH,109.22945509780342
KWR,109.23213748031513
BWAQU,109.24213152557799
JANT,109.24285462800535
MRND,109.2499172950598
SSNC,109.2545796122666
EPS,109.25888819833088
VICR,109.26081203562438
EEMS,109.2670083105888
AKAM,109.26925201306953
VRDN,109.27224031077873
MIDU,109.27409360214145
IWP,109.28520237145085
SWTX,109.28521385512875
KLDW,109.29777636664686
NTZG,109.30241618564902
EATZ,109.31682404262956
AVSD,109.33123837379337
EMMF,109.33904191989676
DFSU,109.34855980091329
GES,109.35238923718506
INDT,109.35406288110767
TILT,109.35582884426252
DIHP,109.36012071494885
HPQ,109.36023236363403
BICK,109.36131629780436
MRSK,109.3715358823281
TRPL,109.38335492990186
AESR,109.38675499612074
RPTX,109.38848420014267
USCA,109.39019996850445
QSWN,109.39360345876673
CACC,109.39730744058662
FFA,109.39748083035948
GTY,109.41188886263718
MCD,109.41189055242003
PSMJ,109.4120095048427
PJUL,109.43243343984949
ACWI,109.43840364311588
CRBN,109.44712122832766
VEA,109.44896129575663
INTU,109.44955409944575
FDEC,109.46586179880029
YJUN,109.48024589184482
RH,109.48740713056682
FEDL,109.48804685521952
RFEM,109.49426034504467
YDEC,109.4964352862917
DNL,109.49787459807128
XMHQ,109.50590636605254
BCSF,109.51909297405986
BUFB,109.52343115550885
CACI,109.525583006684
FRO,109.53953565909057
ESCA,109.54335537666225
QRFT,109.54496904383458
FMAR,109.54818080416706
RFV,109.55404208801723
PHR,109.55868085806728
MCI,109.5588936912278
MAR,109.55982203552435
KOCG,109.5626518475016
MMTM,109.56621253178574
OHI,109.57326528318043
PPG,109.5760814446628
AXP,109.58432323022235
EUDV,109.58782580861133
YSEP,109.59539002652286
TOK,109.60710178509478
BSEP,109.6090918863236
QARP,109.61486381116151
FICS,109.62081885697847
IDHQ,109.625510493523
SLF,109.63379915095771
PSFO,109.63503961351996
CAPE,109.63556005229812
XTOC,109.6399844907122
CBZ,109.64468958239911
CZFS,109.64571987702239
SPYV,109.66239161183006
BJAN,109.67342712670822
DEMZ,109.67409013084588
BLFS,109.67825845953482
EWZ,109.68165869026633
WHLRD,109.68204536258641
VOOV,109.68718370626144
SPDW,109.69971623611875
SHPP,109.70240258822402
XBAP,109.70722205753637
NTSX,109.7132864013196
FWRG,109.72582003825612
VUSE,109.72926402246667
YCS,109.74074511492711
PSMT,109.74459115644005
VRNS,109.75632711577587
DIVS,109.76672172902126
CTGO,109.76690663668852
JIDA,109.77072077034315
JIG,109.77162813875147
PX,109.77347997847096
BST,109.77793114174337
LRGF,109.78139944484671
HDEF,109.78396325751007
FJUL,109.78441424127084
FSEP,109.79743830847517
QINT,109.80488039016466
EVXX,109.80999946594238
QRVO,109.8210723503536
FOUR,109.82435107923438
OCTT,109.82949978221143
ORCC,109.83053347339123
FNOV,109.83185069796352
NIC,109.83629931222097
KEX,109.83655189479886
YUM,109.83995856071297
GDOT,109.84114706985252
AIVI,109.84962007682142
TSOC,109.85244392786899
PCH,109.8528601856714
FTV,109.85372106765674
STLA,109.85643849659995
LFEQ,109.85805677631954
ROP,109.86048576284881
SPYC,109.86398545678016
SHW,109.86721124749734
NBXG,109.87260085052264
ITT,109.87989812870164
TMST,109.88586249903005
FLQL,109.89374634032369
URA,109.90105788705941
LJIM,109.9118761552302
ROKT,109.92159096842997
EWQ,109.92940483712731
PFUT,109.9337178270595
SCHF,109.93462078111331
BDEC,109.9424358615676
FJAN,109.94255633647302
JEPQ,109.95258366844955
BKUS,109.95806659657237
URTH,109.96190675802617
SMIN,109.96431969684255
DFSE,109.96567592828978
BKIE,109.96611331660725
SNCY,109.96703227342931
ESE,109.97349902150422
VT,109.9747284541509
KEUA,109.97687073415295
EBLU,109.9772695748114
NZAC,109.9888672527494
IHAK,109.99107658141226
SP,109.99921818136563
TECK,110.00552201987702
ISHP,110.00647021386295
ADNT,110.01187123687386
KF,110.0156890717314
BFEB,110.02549424204692
PSFJ,110.0309197723592
MARZ,110.03654641421745
TSJA,110.04444342687434
VPL,110.04466259807057
FTXR,110.04619308919911
BJK,110.0495640372097
IDRV,110.04985862633765
FWAC,110.05309086155965
EXEL,110.0548106531629
FMCX,110.05887495923783
HEET,110.05969626913001
PAY,110.06424498456025
MCSE,110.06494604777347
GAM,110.06697851775796
JULT,110.08140872877073
SFM,110.09060604409488
MLCO,110.09092334845172
OOMA,110.09219292330415
CWS,110.09322724411763
IQDG,110.10744316371813
FEBZ,110.12367152161369
PLL,110.12546754611657
AQWA,110.12686078539959
PSET,110.13086443823452
PLRG,110.13476105175077
ITRN,110.13857837234129
NOVA,110.14796654847527
WYNN,110.15865536655522
TXRH,110.15905242808167
ADI,110.1611973887716
ECAT,110.16199157250577
QCLR,110.1727602547918
SUSA,110.1761546357418
TMFS,110.18364483634883
FIDU,110.19715031760832
NS,110.19763978961646
YMAR,110.19829371463227
FOCT,110.20120936746011
JPM,110.20507762077001
XTAP,110.20690371717066
FSZ,110.21253855672538
LEGH,110.22773164927733
GSLC,110.23580144189049
FXR,110.24139318414473
RSPD,110.24916056017207
AGOX,110.25317970988539
JRNY,110.2644808608454
BFTR,110.26943275329603
BASE,110.28064305375744
IYT,110.28786792223686
HCCI,110.29006961374445
CSCO,110.29944112987783
BNOV,110.30461642343191
BJUL,110.3067594990636
NANC,110.30682636691623
CDEI,110.32142463743622
IDOG,110.32855701706714
BOCT,110.33444715054267
SITM,110.33784759444855
EET,110.33884541898455
CAFG,110.3439586805956
CGXU,110.34396937505893
KCCA,110.3446212957048
CEFA,110.3582228318522
EKG,110.36593978955123
RESD,110.37513764338702
LADR,110.37623453451138
HEDJ,110.37786242407464
RL,110.38222177033657
CLIA,110.3874688645098
VIS,110.3903547236662
CE,110.39062739141883
LCTU,110.39574534241855
UDIV,110.39815995567375
VIRS,110.39891187868518
IX,110.40371207250233
DAN,110.40454098126979
FEUZ,110.41029939057387
GSID,110.41063423418132
DFAU,110.41272765399344
FAST,110.41964423902856
HEES,110.42471101146111
SHEN,110.42590731139764
EUDG,110.43486759696933
FIVA,110.44088060079267
SLP,110.44766881863347
BTHM,110.46339738905957
AZN,110.47483115718899
NUDM,110.48311824541035
INGR,110.48591461102617
VNSE,110.49144832740294
XDOC,110.49767717364566
SHLS,110.4988254868946
JUSA,110.50680362801134
ILF,110.51399088838522
XYL,110.5313389899083
AKO-A,110.54169536214715
PDEX,110.54497700496665
SSPX,110.55126595888252
JIRE,110.55323591680792
IQSI,110.55331485132882
SCO,110.55858253627484
CDZIP,110.56737015465968
MCK,110.56881316386844
PSFD,110.57375652667659
IWV,110.5747107739534
SPHQ,110.57649913628111
GPAL,110.58251360161736
ESGU,110.58339492978266
NRGD,110.58462803656639
KOKU,110.59065983095377
SUPL,110.59208376031002
AVB,110.59411150023237
APRT,110.60252628542287
SPEU,110.61700585792785
XDAP,110.61842495995234
ITOT,110.64977706206861
XCEM,110.65702253345133
AGX,110.65736418649921
HTZ,110.66176298221438
ACOR,110.66198019490383
SRPT,110.66222158347657
AL,110.66444007290376
ENVX,110.67628960431514
XTJA,110.6774963291732
FNDF,110.67775688871976
SEIQ,110.67951445934116
JUST,110.68486102052537
WMT,110.68894893599472
DWUS,110.69757708752633
BAPR,110.69855845552152
BR,110.70130929636963
HVAL,110.70605846590603
SLM,110.718893420695
IT,110.72151563138877
JQUA,110.74491665859942
DBEZ,110.74618783143546
VGK,110.74795940918433
ROL,110.7563147088424
SEM,110.75969049451146
QLC,110.76004846273833
DMXF,110.76349809350535
FI,110.76576231011461
CARR,110.7677856717046
BBIN,110.77215559840582
ESGA,110.77348499011472
RSPY,110.79788626419845
EFG,110.82906504461872
QTJA,110.83016396150174
PLDR,110.8383261141844
APRZ,110.85026189558675
DGT,110.85789433796252
IRM,110.85796532064572
GFGF,110.8605958832658
NTLA,110.86072645899087
RSPN,110.87054170109406
SPTM,110.87171976449991
GSPY,110.8737283451165
DIVI,110.88122736392326
BMAR,110.88335823252098
FGM,110.88535913712124
LSTR,110.8880016076196
IQDY,110.88945791675519
AVNT,110.89975935448948
CGUS,110.9006654001002
HACK,110.90567153001865
VTHR,110.90623495327992
VTI,110.90970165983828
ADSK,110.9103943782128
VRSN,110.91121978557659
IWB,110.9162128186422
MGM,110.91739874220946
BBEU,110.9296681389844
BBP,110.93347480914716
LEGR,110.94708374429396
H,110.95305069375502
HAYN,110.9611885689491
IYY,110.96378969492417
HTH,110.98054776521737
HZO,110.98596737340657
QQQA,111.00559717864883
RVRB,111.02864023578671
NCR,111.03139529043794
FJUN,111.03754973469562
FCAP,111.04635312085745
JHMD,111.0487944800879
PSP,111.05361494804853
GNRC,111.06033798609218
DFNV,111.066332942412
GSEU,111.0854738113245
CYBR,111.08776092864775
FLEE,111.0961285525792
GUSA,111.10114346596652
XRAY,111.10940078086483
RACYU,111.11935863650423
NOCT,111.1223131936462
ALKT,111.14151278562399
SCHB,111.14823400107207
MGEE,111.15303656452099
AMRK,111.15445962437398
JSMD,111.1680912424286
XC,111.18838171037108
IVV,111.18907192437148
COOP,111.19085641255147
FLJH,111.19928809209364
IQIN,111.20288974064945
ACVF,111.20402876042202
EZU,111.21200715891447
ILCB,111.22261954444522
BKIS,111.223502295428
SSUS,111.22659164523064
DXGE,111.23947189593162
BAP,111.24709602438122
PWOD,111.24891771055631
AKO-B,111.24953916662739
DSOC,111.2503772381108
OCEN,111.25546208826124
BRK-A,111.25748715137658
BJRI,111.26314445108207
HURN,111.26453059849759
VONE,111.28088150603809
PALC,111.28469531422122
EASG,111.28709319261456
RRX,111.29062991547111
MBCC,111.2969589448161
DSTX,111.30674895504256
AJG,111.31846368679074
LMNR,111.32155081362092
IRT,111.3258717064956
VVX,111.32693662888117
BTEC,111.32881198554604
CHGX,111.34390624125233
XDJA,111.34629573912602
PEPG,111.34870314320742
VRTX,111.35076434465529
FEUS,111.36122281537801
LZRD,111.37253761129924
NSPL,111.37312352837714
NKEQ,111.37629335276758
VSLU,111.38888300497051
PWB,111.39287404852011
UAV,111.40766683780107
DCBO,111.41237480018079
DFUS,111.43125193020234
WDC,111.43788758908684
XBI,111.44171010142328
UFPI,111.44201994781966
EXI,111.45931335279178
PBUS,111.46661545212145
SCHK,111.47477019554246
SPLG,111.48268782054222
EQT,111.49410825669702
ARGO,111.49766284393358
BC,111.5018173032406
AER,111.50769156182209
IDXX,111.51754908908082
OLLI,111.51885587165215
ECOZ,111.51922907758721
SPY,111.52483035458783
AMN,111.525049473909
VOO,111.52952936658971
PSCI,111.54643635056377
FDRV,111.54733010692837
TGI,111.5517606680435
GME,111.57044828315597
FMIL,111.58303740902764
IIIN,111.58308062367327
SCHX,111.60775090353519
CTAS,111.61562836495978
UDOW,111.62544095265594
DIOD,111.62821691650815
SPBC,111.63098246053588
RMGCU,111.63504701834367
AMK,111.63758333729726
QGRO,111.64655866207585
BKIV,111.66732478648335
DFIN,111.6693152710906
CGGO,111.67235772075982
BBUS,111.67401098947478
NUSI,111.7175445331104
CAR,111.71992222213616
JCTR,111.72823165851034
VV,111.7323232830436
CLDX,111.73311956799677
DSJA,111.73333461418792
SPUC,111.7495015456947
ROSE,111.75856438058037
CSX,111.76664124691673
LNW,111.76790149882804
TIGO,111.7733786891014
FDIG,111.78042702548805
FRGAP,111.78784194005485
ANEW,111.79829822082166
CHIC,111.80987695495573
IDAT,111.81008755031314
RORO,111.8270370946037
VOTE,111.83201456363943
KELYB,111.83318934797721
ARRY,111.85868770846554
FMAG,111.86105835217583
GSUS,111.8613188045603
OVL,111.86594419582816
BRK-B,111.88755224063915
STRV,111.8915617762818
TUGN,111.90449749380976
UNM,111.91016600589145
XTJL,111.91207863592251
RBCAA,111.93020475993008
EWP,111.93723035157404
MILN,111.95029717250407
IPDP,111.95275261221984
NTAP,111.97466597517466
XBTF,111.97736266768766
TNK,111.98028364595946
DFEN,111.98191245242005
TMAT,111.98543183138655
JCI,112.00017449893157
EXPE,112.02982710818878
INQQ,112.0307852809718
PEXL,112.03335780853098
EWI,112.04419334988582
RAPT,112.04632057039407
BOSS,112.0503538410595
BKCI,112.10585888396133
PCYO,112.11025176671637
BERY,112.11325948228225
USPX,112.11387206675951
SFY,112.11778704586663
FSST,112.12388406015242
EDEN,112.14359509010612
MOON,112.16458996826051
MAS,112.17875641492832
BRO,112.1848537153889
DEFI,112.18567493957856
MXF,112.19282174426328
PSJ,112.2003145565881
CATH,112.20525901274648
IZRL,112.21075172584474
ESGG,112.21126455012416
BWA,112.21180400557382
HOMZ,112.21551682735137
SPYX,112.23108909640544
TPR,112.26688716363921
DBGR,112.27009348252659
NJUL,112.27502876381403
MTVR,112.28409872545953
IUSG,112.28898773345978
HEWG,112.29574781843048
SPXE,112.2987108961013
ESG,112.31008071227882
XUSP,112.3124761673704
SWBI,112.31304549196597
NZUS,112.33196171991337
QQQX,112.3364632716238
HEWJ,112.35224706118379
LGH,112.36565539580957
CIBR,112.3742342488229
FPAG,112.37976150724313
SXQG,112.38777369550291
EWN,112.39053024580238
SCCO,112.39136219610538
EWG,112.39742428935942
NACP,112.39895354532692
XT,112.39936846080997
EGP,112.40955989238282
VDNI,112.41065935441138
MSMR,112.41417739046852
IRDM,112.41505796188926
ITW,112.43353344528742
MODL,112.44121845097689
TPX,112.45658009426518
MSGE,112.46595772161113
NWSA,112.4725935696464
SVT,112.47326807652055
FDEU,112.47913521418789
PAC,112.4866274526415
SCX,112.49037803025347
COUR,112.4912165306338
CGDV,112.49259456526826
SAR,112.49633924676232
SUSL,112.4972365389234
TWNK,112.50072296338367
TCX,112.50147984793445
EVR,112.51835379067447
UXI,112.5264013506943
SDRL,112.54504781217013
LTHM,112.54877049264024
OI,112.55349478156009
USNZ,112.55707925009006
ORLY,112.56150774871668
OAIM,112.57462330412497
IYC,112.59341601619045
LFUS,112.59769235189337
NWS,112.6001504543376
TSPA,112.60987671966998
NATH,112.63681503105614
DENN,112.66236858745664
NNI,112.68650956324367
IVW,112.6871396893908
DTEC,112.69527785461383
CZR,112.6987025939279
PRN,112.73134302951561
GBUY,112.73199782032508
AMKR,112.73906017201408
DYN,112.74578081342511
JAKK,112.75486875726239
QDEC,112.776236177012
CLCO,112.78714483097379
RSHO,112.7873860760414
MTG,112.78989851078381
XVV,112.79578269216192
DSI,112.79911187101268
CRTO,112.81412033992626
HLNE,112.8292661054746
AMOT,112.83098456637902
EFIV,112.8310017874724
QUAL,112.83625940243363
MBUU,112.83652354568702
PAVE,112.83866571547573
ING,112.84212054290604
MRAD,112.84237107711328
PABU,112.84829824671596
ARKX,112.85281228706604
FLFR,112.85785493092125
MCHP,112.8626508950136
EXPD,112.87573888633223
USSG,112.87601682881557
HTUS,112.8762393437212
ENOV,112.89795506964097
MX,112.90758985370356
VOOG,112.91187237340732
CODI,112.91212774264469
SNPE,112.91779257711852
SUZ,112.91919664833304
ASTE,112.9241634541007
SRAD,112.93859330658277
SPYG,112.94203917091113
EHC,112.94451214945013
ESGV,112.9461714247201
DUSA,112.94825958712042
VGR,112.95523713034785
ARKG,112.95733228662381
OKTA,112.97004743770302
IWL,112.9878608074656
ESGN,112.99161201102991
MDLZ,113.01770845032948
FLKR,113.01809066737779
IMFL,113.02782712677802
COF,113.03359384006467
DXJS,113.0341540807915
MKC-V,113.03438216156749
FLN,113.0440806164084
COO,113.04999749738971
BETZ,113.06162230142827
UMMA,113.10519038297772
GLOB,113.10980078401477
FLBR,113.11610991312625
XTN,113.12427756393751
LCF,113.12585258699954
RUFF,113.13679371990354
MGC,113.14560443788729
GFF,113.1684890490738
TDV,113.16868427684909
FOLD,113.17369563133435
LCLG,113.17814210472133
RMGC,113.20443350986216
FLLA,113.23198874828324
IOO,113.2459924897773
GINN,113.24654120278106
BKLC,113.25617461375553
EWJV,113.26645064109465
EW,113.28217832479908
AVT,113.30787581833793
SPXN,113.30968504867846
QTOC,113.3186617226081
FRDM,113.32751507117365
FG,113.33193447891193
LVS,113.33568314731775
COLD,113.36388533393472
CEG,113.42805998082515
FND,113.43081094252972
SPXV,113.43657924822422
NXTG,113.44031116164821
WGO,113.45831004002802
DHCNI,113.45971532873665
DAC,113.4790362670148
GVA,113.48265513769249
NTRA,113.50268549208653
FBRT,113.50279697547437
DWLD,113.52784216419076
MYGN,113.54069330437352
USXF,113.54784588070046
ITAN,113.56126512089531
XDQQ,113.57071503096654
CRVL,113.57342061063358
HAPY,113.60344186727907
ATFV,113.6104111913759
PRLB,113.63179202481969
VCTR,113.63640533377793
BWXT,113.63814311620715
ICUI,113.64381902825109
AMOM,113.66633800389799
FJP,113.67699080587359
MEG,113.68122140273535
ZSPY,113.68144628594999
ICLR,113.70167247474023
URI,113.72076791237046
PFES,113.72369499119762
CRSP,113.72454410863898
XDJL,113.74926448526088
OAEM,113.74951297194602
TTEK,113.75672654033929
RNEM,113.76408432429037
KN,113.76772201435949
GVIP,113.7721197275952
NAPR,113.77288035836165
GTEK,113.7875507590023
NPK,113.79955201693086
NTRL,113.80309284951876
VMAT,113.82567272268936
EDC,113.84576964249017
MITK,113.87605240636748
OLED,113.8832006103304
MXE,113.90537219202588
KMT,113.91781697748345
QQEW,113.91969181108874
QQQE,113.923186430474
BYD,113.92572161840138
UNVR,113.937912360115
IMOS,113.97560899955587
CAT,113.98198196017974
NVS,113.98339540721862
ALLE,113.98972448330977
FWD,113.99312998083178
RRR,113.99321522824809
GEHC,113.99343848053806
SNSR,114.01429077249239
EWY,114.05458704990826
GRMN,114.06266657813515
SWK,114.08451180534584
TRIN,114.08811806400942
PNW,114.10146983886322
MC,114.15387358252585
GDE,114.15918337957994
BTEK,114.16522516188765
EWJ,114.17020311487498
FLTW,114.17933955825401
RXI,114.20600918588087
JPXN,114.22980221024213
GSJY,114.23617904129574
VCR,114.25451057037422
ALGM,114.2598618836926
IQSU,114.26375098928452
RELX,114.27018960401305
XPOF,114.28346787728053
TRNS,114.28721028729431
OSEA,114.29568803415538
SPHB,114.30307688842217
XSW,114.31974253964853
RDIB,114.33295995635186
XWEB,114.33451597614382
FLJP,114.339886894655
NTNX,114.34140580013576
RVMD,114.34561299139651
HAPI,114.34589605455805
WFH,114.35514235327125
BITS,114.37149282369371
FDIS,114.37404838015497
STXG,114.39850552930146
SBIO,114.40429210192175
AIRT,114.4090333433995
TSLH,114.4121326072448
CSGP,114.43739224199204
OTTR,114.43868956628083
FLXS,114.4503683719447
ABST,114.46565263341738
F,114.48409670585163
PII,114.4868394581784
HLAL,114.51243694713662
PSCT,114.52424414309635
BLKC,114.53524433856758
GPK,114.53872345766477
PCTTU,114.5575530118808
ESNT,114.56158361059647
NAVI,114.56336219332452
BBJP,114.5646030720328
OTIS,114.56609777559024
NGVC,114.56735046439093
TYL,114.57438373482873
RSPT,114.57570223673332
BHRB,114.58362242026685
ZWS,114.58599034513115
MKC,114.60273516319349
XENE,114.62145032400963
MEDP,114.62754380339074
PBR,114.62932916028053
DFS,114.63275537838862
AXON,114.63514683881695
ZBH,114.64221465175109
KOP,114.66469970845222
IHG,114.68997695800631
AGI,114.69056371997843
FFND,114.71178723164363
DYNF,114.71459905906015
HPE,114.72003232869893
HTGC,114.73422694429993
CACG,114.74044168970902
ARWR,114.75932793993236
LIN,114.76002412272541
JSML,114.77472179554391
PLTK,114.78322405887978
MELI,114.80264515127982
MMS,114.80796250773874
KAR,114.81419608889759
BUYZ,114.81751302622612
QTJL,114.83800046803358
IVRS,114.86360130498377
OEUR,114.86435670619197
ABC,114.89639265735981
OEF,114.9139929911255
BYOB,114.91561402823015
USMC,114.92527797633235
PERI,114.93217541136295
OND,114.95250120653745
BOOT,114.95687604041055
ASR,115.00675112640707
CGEM,115.02277284788053
EGUS,115.03488690186906
BSX,115.07162434934784
CRT,115.08660369210823
MCFT,115.08893589491808
GNE,115.105175814543
PBR-A,115.11381531212871
BSAC,115.14474142496817
SNPG,115.14801000648352
YALL,115.15911997441312
DAX,115.16703195095273
FLIY,115.17224546020327
LQDT,115.17835213851407
CC,115.18111173714098
IBOT,115.18115568125177
AROC,115.20048927280526
ALK,115.21272893459751
EQOP,115.21299813347824
FEZ,115.22021279991245
XOUT,115.23475075235774
DBRG,115.25518167641422
ESTC,115.2615713396433
XDSQ,115.26690756997287
STE,115.27280251814832
NXPI,115.29255852739888
JHG,115.3004760798541
RDVT,115.31878767676639
WOR,115.34660585599975
BUFQ,115.35400832047128
SAMG,115.36839456608192
DY,115.38199897144672
ICFI,115.38231000306729
LULU,115.40276671922024
NMIH,115.4064198616263
RXO,115.41528741982269
SYK,115.43041883030901
EEFT,115.44104754626515
STAG,115.45660899363841
XLY,115.46301538754517
FLGT,115.50517349106572
OVLY,115.51449849330787
BDL,115.5284354029409
QMAR,115.53855382191185
STLG,115.5508856669248
AMX,115.55515430625128
QJUN,115.58030473967666
PLUS,115.58381937799012
BFC,115.59665974860644
WDFC,115.6007231552885
XPEL,115.60307774416411
QYLG,115.61676541706954
DXCM,115.64405056717672
MMP,115.65266109018724
PCAR,115.6533518902137
MOAT,115.67994781096019
CAH,115.70230651993549
REX,115.70963848730153
EPR,115.76710230950502
EPAC,115.76776645770565
BKCH,115.76894082671647
FLGR,115.77663614922434
MEME,115.81358481128328
TX,115.83755954078086
JETS,115.85253919643911
NOVT,115.85444901075707
CHAT,115.87154300434932
VEGN,115.87694005056831
ACGL,115.87798038736355
ARI,115.90419327403983
KKR,115.90434914073745
OMC,115.92130706120416
TWLO,115.93816929779375
WELL,115.96428560958213
JOE,115.98350146684739
FSLR,115.99294852438936
SOCL,116.02397279131118
AOS,116.02894707517811
IBLC,116.12462885855582
IXP,116.13758154207184
MDV,116.17326157493471
ESQ,116.17542892563044
TYLG,116.23070123778423
FIXT,116.23426103241034
RILY,116.24834766230805
XPEV,116.31154885215035
ADEA,116.3363028508629
VVV,116.3459131053872
WTS,116.35181538403742
DBX,116.35661491882496
PTC,116.3586419883352
MAKX,116.3800214523285
TKR,116.38375662443825
FWONA,116.39543604016693
CVLT,116.41410430580022
INNO,116.42474191654145
AME,116.44428150548971
DRI,116.44696727199391
ESLT,116.44763436624379
JACK,116.50835131459465
AIRR,116.52452685173678
VEEV,116.54923253417047
STM,116.5508458716032
NKG,116.56041602367529
ACN,116.56625426491112
WCBR,116.60836280869813
CGGR,116.63799286630156
VOXX,116.65555873223164
RUSHA,116.66240305277537
AIR,116.68709576732749
HCA,116.70543280401834
GGRW,116.71680783823683
RAMP,116.71720471435063
WEYS,116.71826690614361
GEGGL,116.75861004969596
MSM,116.75987857465392
BLMN,116.76315631511432
GRZZ,116.84101655546901
LGND,116.85801743013867
FELE,116.8613650828877
TER,116.8656679240951
CREC,116.89674382232879
PTF,116.90780975558324
WK,116.90801930656035
HXL,116.93574566598771
MATX,116.97729512938241
VRTS,117.00458801403057
GIB,117.03703331827865
FWONK,117.03803817851274
HLVX,117.04041548547073
FCOM,117.04446577198459
CGNX,117.04675395475158
GRID,117.05409522936824
VOX,117.07309419222797
BIDU,117.08135046236603
NUO,117.08148175437465
DVAX,117.09351643428833
CMCSA,117.13874135937156
ERII,117.18255090895057
SNA,117.18354650697455
MNST,117.18822418226304
CIX,117.21054638620186
CSAN,117.22392497345763
FXL,117.23023408786729
SNN,117.24283016442931
ELLO,117.24942662793704
MMSI,117.26445630542688
DKL,117.27892470052883
OR,117.30113100069431
FLS,117.31488028140434
SPGI,117.31750062780485
SPHR,117.35971924155295
ACCD,117.40203047553872
FNKO,117.40242417901743
AGM-A,117.41770209345644
ZIVB,117.42323558150069
ILCG,117.43937288145509
QSPT,117.44086907931363
FDG,117.44418508758483
PVH,117.4510652913523
ATI,117.46141135643327
YELP,117.46346524166395
IWFG,117.46380211351918
CHD,117.477653323673
BULD,117.491036147782
OMF,117.49244829384008
IPO,117.50508855317395
LFMDP,117.51081144462567
BCC,117.52234860699964
SPUS,117.53822058118587
VERX,117.53872723886282
MVPS,117.54051764482269
TRTN,117.54833913023258
TUG,117.5770874208718
CCU,117.6114255500612
RYI,117.62065428485607
TREX,117.65460937563677
VRRM,117.66437456398882
WIRE,117.69635341446389
BKTI,117.71248161831062
OM,117.72177534437611
BCYC,117.7794901227068
ATRC,117.78350162227807
WSO-B,117.79367500735455
TWEB,117.80077235564889
TDIV,117.80115000696233
APAM,117.82306747179956
FIEE,117.82696305483844
GOGO,117.83526904807225
ALC,117.9135392068968
XLG,118.03245669577592
VALN,118.04093557568885
RS,118.04672505982421
PLAT,118.04911438167295
MU,118.06113524141477
PRO,118.07556368587713
FN,118.09049114549926
ESGR,118.1119114599482
THRY,118.11482886824612
ARKK,118.1270673006241
DRIV,118.12710054687074
CRECU,118.12846498530911
ALG,118.1389335507056
HI,118.13992370827043
JGRO,118.14178203801791
ANET,118.14773933029909
DVA,118.25552033240768
NVO,118.30880611963002
KPOP,118.309828185755
USPH,118.37468734284471
TMFE,118.37900667972298
NWLG,118.38163132313349
IWF,118.39014220307727
COOL,118.4158997891188
COHU,118.41841596663714
GER,118.44288709821606
ALOT,118.44417029609744
TWIN,118.44777793005116
PLAY,118.45638006097795
NVDY,118.47722858814049
EQIX,118.49544286979474
ABG,118.5379866373894
QTAP,118.54009230332423
HWM,118.54466001505702
MOTO,118.545510901715
ABR,118.57833757768614
CVLG,118.58258414899889
VRE,118.58863755548552
EFO,118.60584594023129
ODDS,118.61751096119377
VONG,118.64216488531548
ABNB,118.65123711523214
BUZZ,118.6600913913379
AZEK,118.71406116767476
ONEW,118.74152258449426
EDIV,118.75874080790838
IVES,118.76084789847343
GH,118.76227788101052
WTID,118.78910660290369
WWE,118.81436751240405
SGML,118.83078628277146
CHDN,118.84886484987881
HEAR,118.85085279685326
CAAP,118.89557275958965
NULG,118.89574204095057
TTWO,118.90552361621276
WRND,118.91284282313572
IWLG,118.92538419617316
ECL,118.93627195518778
DNLI,118.94526001544122
IRBO,118.9567164867619
ANDE,118.95884477542043
ATKR,118.9683967666392
SWI,119.06075973566689
BNGE,119.07105150841795
VEL,119.07272625753694
KMX,119.10100018266567
ESGY,119.10787269920306
BCO,119.11515106180138
UHS,119.12637169027678
ROBO,119.14324640317574
AXTA,119.14686027737558
NVR,119.15271439690011
EWW,119.15450118899234
NTES,119.17427817692077
MSTQ,119.1823923826609
CRSR,119.18826353891771
VMW,119.19006447285713
WING,119.19275091410253
FLMX,119.19545020502574
XDAT,119.19954725864866
XSD,119.20407711767402
MOG-A,119.21832504904245
COOLU,119.26466528497645
RDN,119.26952267377845
BKDT,119.27532833849165
ARKW,119.29937835810595
PKB,119.35615217969925
PTNQ,119.38875947953885
UCTT,119.41581744065721
MFA,119.51010262123755
NGE,119.53967421450756
EIRL,119.58806731239218
TRFM,119.59299291966502
FERG,119.60826060611652
FRSH,119.61411360733238
JBT,119.62220777333218
LAD,119.66652806849609
GENC,119.70330440556474
HSBC,119.76776150563248
NATI,119.85746551123582
ONEQ,119.86007095094436
CLOU,119.86475621802443
LW,119.86849723769132
PFSI,119.91868261645631
XHB,119.9527671971006
CARS,119.96008781806934
UCYB,119.97760678522825
ARVR,119.98295840213036
GATX,119.98906980039195
WCLD,120.00131513657855
PGRO,120.00180071222528
MMLG,120.02532644228054
CCCS,120.04760236560664
VREX,120.06425853407782
MOG-B,120.07502918326509
UBA,120.08324462828433
FDN,120.10437687167973
VUG,120.12588180371289
NBDS,120.16713061077543
MPWR,120.16971128080004
MTRN,120.19364032651507
LCII,120.19727696490475
QSR,120.20217083412535
VCYT,120.21486668597063
CSPI,120.22694507393616
CLNR,120.2274194440582
SKT,120.23396563010701
LRND,120.26504461351125
CASH,120.29147870650304
DBJP,120.33124447292029
BLKB,120.34068935875513
QTUM,120.35101447215608
THO,120.37206758960741
RUSHB,120.37822380039178
KNSL,120.40210669233193
NUGO,120.41319566272448
LCG,120.42849299207856
HWKN,120.43819527158158
TGRW,120.44519135396888
AURA,120.4635865546438
IWY,120.47250721619075
ILDR,120.47411901569791
UPV,120.47947885878636
HFGO,120.50937234252788
CLH,120.51691221469781
OII,120.58904704152984
LRGE,120.61067628543486
WMS,120.61381668655415
PLYM,120.697831801845
IPG,120.70744865101534
ITCI,120.74947618027797
ARKQ,120.76205268684953
DO,120.76583630173855
SONY,120.81415193994778
HROW,120.82412490767088
SEMI,120.82564623165433
AEIS,120.82804244414353
ROBT,120.85981888431715
FBIN,120.96282041394284
XITK,120.98862163733267
AMBA,121.0091357373778
ARKF,121.0124134809434
AU,121.02374169849425
ESPO,121.02985994255363
FGRO,121.0413423456297
TMFC,121.05428446314076
KLIC,121.06978790549095
POWI,121.0700543778341
XLC,121.07861430272628
NEU,121.08144094039977
CLS,121.13417666488277
TM,121.1575933549821
ACA,121.16104971563297
REPX,121.17340256015231
EFX,121.17761224278442
STN,121.18851674476844
NET,121.20488078717628
QTR,121.22234652071111
SPUU,121.23221856660716
BKNG,121.2446260373993
SSO,121.2523868324139
BWEB,121.26217809073322
STK,121.27271848982241
RADI,121.31221798241407
MCO,121.36405741160178
DXJ,121.36848736928034
ROCK,121.38505293367784
LSCC,121.38915551069883
GHM,121.39152529055805
ROK,121.40320634388269
NX,121.41808765611718
PJFG,121.43828679687758
THR,121.4637197686254
PGNY,121.5021580438687
FOCS,121.54554627179483
RCM,121.55629390072127
MLI,121.55987624157049
VMC,121.56224803862746
STNE,121.58472255575612
CCEP,121.58868247536745
WLDN,121.63330165255017
DOOR,121.63481624358401
FDX,121.64819764673476
NVT,121.65556351000149
WFRD,121.68565597233632
FLT,121.68928666656535
BILL,121.74364104944536
VR,121.7461911545442
OOTO,121.76356208637162
PSI,121.78385614363005
ALKS,121.80046556643265
AAN,121.8579682284642
FTI,121.88945928782017
AGM,121.91484542427236
GPI,121.92344418729553
SCHG,121.9308677527102
TCHP,121.94456994119949
IR,121.95451567461606
SKX,121.96327996540676
AORT,122.02777413666608
XPND,122.06963935938366
TRU,122.09164758142018
EWZS,122.1209672827386
ENTR,122.15384364192558
TGH,122.1555555706251
BIGT,122.16609002577667
EBIX,122.19614582332645
WINN,122.21322345080559
ON,122.31100104898182
PGTI,122.35708679044873
BA,122.37386669191571
KAI,122.37863547791542
AAPL,122.39635564616572
FTXL,122.39894580823902
ARGT,122.41562584341592
STRS,122.48456957457229
DUSL,122.4980729169605
SFYF,122.59365325458606
CARZ,122.70107535070609
PAG,122.7030686431374
XPER,122.704751455977
MKSI,122.72710336464623
MGK,122.72711629181549
ATS,122.73560763956742
LINK,122.74533277647191
PNQI,122.75499238087772
CRNX,122.76796782017583
BATRK,122.77378227871681
CRWD,122.78551685795375
ZEUS,122.80370970372259
EME,122.82100551665141
CCJ,122.87118921065513
BTAI,122.87344659696714
OMCL,122.88474358636923
DELL,122.91669270755926
AAON,122.91740176529012
WHG,122.93121206668208
HVBC,122.9413512111232
OGIG,122.95462378670864
DAT,122.97505418713305
UBP,122.98210362761174
FMET,122.985143742039
TDW,123.02270810260215
HLIT,123.03483582655569
QPX,123.09950005957467
FCLD,123.13787328230828
BDC,123.14463810611149
VRSK,123.16859898119503
RARE,123.17400246339515
WTAI,123.25812052594698
USFD,123.26465954484988
EVCM,123.27996538999689
PWR,123.31559493528295
GWW,123.36320292376664
SKYY,123.39088651756049
FROG,123.40754418243571
SKWD,123.49962879214296
GFL,123.59052951638091
WWD,123.59648205912768
PH,123.60345905057602
CUBI,123.60543550712572
SIX,123.61028293029361
BATRA,123.65228526385569
AN,123.67160671030618
KOF,123.75689715465599
INBX,123.7679490096107
BLCO,123.80160261670129
VSAT,123.80695235728749
ABCM,123.81619450270604
KE,123.83583187677407
TOST,123.88139155239155
IQM,123.88987293974627
INTC,123.92131281938146
ARW,123.95732922644166
EDU,124.07667329899749
ITGR,124.08385744594418
SSYS,124.15303892764152
SOVO,124.15905648384691
LYV,124.20672454081662
WNC,124.26781119104808
OEC,124.29728143445868
SAP,124.34541118148731
PAR,124.39349593097388
CSWI,124.40239612490907
KBR,124.40733654546992
TDG,124.42128089207078
LOUP,124.438471794686
CRS,124.45389858824711
ZG,124.45852363656732
AAL,124.47834776247127
MLM,124.52834725827626
VERS,124.62155957539267
CRH,124.65448414600542
RCKT,124.69212678195186
NYCB,124.70527071306374
KRTX,124.71569658451315
GOOGL,124.71686832621758
EVO,124.71703322953961
CWH,124.74272069211813
SITE,124.75182634533624
BRF,124.7579685103619
FTNT,124.76276157750652
GOOG,124.78658048149272
QULL,124.80914566855296
OCS,124.82993645583107
UBR,124.85664572453076
MSA,124.88480173096842
SCPL,124.89418624590404
QQQM,124.94743383788082
QQQ,124.97320671236304
OMAB,124.98557744295576
Z,124.99338428689586
WST,124.99812275391614
TIME,125.04039283189482
TWN,125.04619233383819
SPXC,125.09476285379387
ARES,125.09700005358614
PNR,125.09842550951342
IGV,125.10385221535368
FBCG,125.10696780095465
CLMB,125.10981097084414
SPLK,125.18859937078332
BRZU,125.21495134618641
TPOR,125.22329393682523
LII,125.22747903727961
NPWR,125.22863143021067
SUM,125.26737235756859
MWA,125.34924276550498
ITB,125.35418628879816
ETN,125.36655724296791
GPCR,125.47634196065461
CNM,125.52896371219279
PRI,125.56879956994241
ASML,125.59985725928732
QQMG,125.63252038429911
METV,125.64248187041
GGG,125.65815610243946
MAXN,125.6764856275405
GHRS,125.69880753209571
IAC,125.71872281416485
KNSA,125.74377867306617
REPL,125.85291199785551
APO,125.87404527203445
FTEC,125.93139861703249
FSTR,125.93427246204097
FLEX,125.94425529661432
CCS,125.95131119179155
ALTG,125.95491929742207
PAM,125.96619960698979
VGT,125.97839333247073
TARK,125.9840518353382
FTDR,126.02500966754265
ASUR,126.03964404917997
WDAY,126.0458164068554
NPO,126.05510195714082
EXP,126.07947429697451
THNQ,126.12841394454124
COKE,126.16930711025864
INDI,126.18303642494847
MBC,126.18335128395329
SNOW,126.2671566544789
ICHR,126.31531625265247
ANSS,126.33113581142558
AMZN,126.36970797441937
DASH,126.39725686425021
ROKU,126.42659593175186
KTOS,126.43414141674742
TGS,126.44668198377296
NSSC,126.47348879869506
EZJ,126.53119135378923
TSM,126.53424254575874
DECK,126.58192163634024
SWAV,126.59073791311516
INSE,126.60888876690474
KRT,126.66608214767709
BPMC,126.67724178596377
WCC,126.71089482640865
PHG,126.77024549897682
NABL,126.78419420650556
GMS,126.79504694665195
LRNZ,126.80964137152381
MLR,126.81253329853745
ALGN,126.82861068720428
FLYW,126.84922845819031
WGMI,126.85057550164417
NEOG,126.87496939780166
QTEC,126.87901711631241
QGRW,126.88139991888048
TECB,126.89644832033099
IXN,126.89899269174498
IETC,126.9051656966209
ALSN,126.90773167282526
MANU,126.90871997676896
LEN,126.910068821846
IGM,127.00397911159277
SQSP,127.01830962615469
GGAA,127.11234535189097
RTO,127.12055633021616
TAP,127.13390106918871
QQH,127.14088098996143
CRMT,127.22609167947925
LIND,127.24695052275354
RACE,127.28937162486375
LMND,127.45518326576777
XLK,127.46936712442282
VECO,127.47709475159986
ARNC,127.499182280753
ROAD,127.5194177330182
NSIT,127.53053142912788
IBP,127.5738409890916
PCOR,127.58410970899307
VSEC,127.62458071050385
LLY,127.70108997396468
ENVA,127.73399189708024
DICE,127.74553346835553
CMG,127.7506877630421
LTRPB,127.79908518544107
DAL,127.8113283270008
CYD,127.82121255452677
RUTH,127.89879479081006
OSPN,127.9140130655259
TNC,127.92733896211001
NETI,127.96725431916413
OTEX,128.06665206232447
SNPS,128.12350384800698
MTR,128.19519248577055
TIMB,128.1975000307131
VGAS,128.24741876724883
WSO,128.36152404173805
AOTG,128.39005320586534
IE,128.395968906243
KLAC,128.4002470187094
AIQ,128.43258730006693
AVDX,128.4781230485956
SHOC,128.53790382824528
TINY,128.58035036983233
JHX,128.7802689284598
VCEL,128.94553695599564
PP,129.00163798160435
KNF,129.03225606308348
MEC,129.0442788743636
IPAR,129.0785048490347
TNET,129.084636301791
LPG,129.10175533902336
GCBC,129.10712330240335
PYPS,129.12152224729294
CMCO,129.12794439013064
CDNS,129.1835547778839
PATH,129.18900860001895
AXR,129.18916240794812
SPB,129.2043441417059
BLX,129.28646835128382
LGIH,129.29605868529785
ZS,129.3549256057995
CNK,129.37115097013387
FRHC,129.45060729889022
CRM,129.45254860972238
SPSC,129.45912072604287
FSS,129.54003096760175
DHI,129.54393690865754
BXC,129.5597632046279
NVMI,129.56563527658386
SGEN,129.58750958120626
GRVY,129.6361228845501
UCC,129.69705143498288
PUBM,129.71441981703416
MIRM,129.7884589655185
LTL,129.83229692368727
UAL,129.91047318201626
CPRT,129.92012731460582
HMC,129.9299024627289
FMS,129.93578653253297
U,129.93590943292816
CSTM,130.0161409473349
TBBK,130.09504005999057
WEIX,130.17455963103362
IPGP,130.20632321461278
UVE,130.25477474453982
MDC,130.3430532632277
SXI,130.4162373022134
IYW,130.4574983487464
UPRO,130.46429341461112
EURL,130.4875186019167
IGT,130.49270697600895
OC,130.5002513520535
GREK,130.52913280061884
RRGB,130.5610822454291
PEGA,130.58238049420146
GIII,130.58560603957073
LECO,130.61008899882637
MLNK,130.62209189459858
MTZ,130.66679353066633
XNTK,130.68087803536
BH,130.71917843319486
DT,130.75507562382876
SPXL,130.7751410356653
GBLI,130.96908637402035
BRBR,131.14639899216183
AAPU,131.20492007544328
URBN,131.24138838736474
RCMT,131.28577101316387
GFI,131.33194202256254
DDOG,131.37044708045778
SOXQ,131.6544186625037
BUR,131.7049022472824
SOXX,131.75832934571415
PHAT,131.86050413266096
MTH,131.88563988976463
INSP,131.91118357970913
GPOR,131.91457769544502
BLD,131.95002146534114
CERE,132.09551108584975
TRFK,132.0997673754324
MATW,132.1327951808289
BMI,132.168070397743
APPN,132.21785727472854
NXT,132.26440884300578
GT,132.2791429550766
PKX,132.31696397766905
VSH,132.333412478928
ANIP,132.4474616592775
LNTH,132.4812640447043
LEN-B,132.49717219092994
NOW,132.4991837940466
SHC,132.56587312891705
CPA,132.61466230811288
DOLE,132.62491984433711
MYRG,132.69441729050706
KRUS,132.70115333634783
BOTZ,132.79358317573656
RYAAY,132.81268014005255
SAIA,132.8348122571842
TSLA,132.85160038463758
SAGE,132.9552688749345
PATK,132.98701960356297
XM,132.99095463507098
MSFT,133.2122638312188
DV,133.3058886913122
ESAB,133.31469284438816
CANE,133.41957188263703
EPOL,133.45994172288985
SPNS,133.4605673695965
SVXY,133.4671969124963
PRIM,133.52734631706204
GGLL,133.65043967979906
VRNA,133.78666290854142
CHUY,133.80587411825704
ZIMV,133.89446010934594
BBIO,134.05401891215413
AMAT,134.0869513712735
BH-A,134.1979047950832
URGN,134.22671662601564
GGAAU,134.27869654324115
BMA,134.44753345831452
ALTR,134.48767139141285
APG,134.490566219067
ATEC,134.49715850763369
BRZE,134.5266220992337
IIVI,134.5671852282782
PSTG,134.7670076899103
WUGI,134.8167128061965
SSD,134.826928383663
LRCX,134.91261294058074
GTLB,134.97085282712285
HIBL,134.98188526706218
ISRG,135.00225275892282
MLP,135.07192892729023
SMH,135.19494226732695
NVEC,135.2541686233714
WINA,135.3625854061367
PDFS,135.41326450846063
PRTA,135.42796034433763
COTY,135.43463725583547
TARS,135.49752243764556
FICO,135.515008163603
VTS,135.56178147567542
LMAT,135.59199442602224
IWFL,135.60915398999228
NEO,135.61032592399133
DRS,135.6127450102995
USGO,135.61947213071414
BAK,135.7180771419753
BECN,135.79403858493717
AMZU,135.9166766820894
AXSM,135.92590160164286
BFAM,135.94089672665885
LUNG,135.98286174685188
FIX,136.04046932836297
CAMT,136.08896549615534
AAPB,136.11131391763553
CVRX,136.14048999405992
KALA,136.1721662808553
ONTO,136.23500925307923
GKOS,136.32151359768142
FBGX,136.40323913969678
HUBB,136.5228254733875
DXPE,136.53148535804803
TEX,136.5405122047793
TSL,136.57339334419947
TSQ,136.63935838016243
ARCT,136.7779254421235
GXO,136.82094745939435
SPOK,136.96127541131992
AMWD,137.05974299744844
FMX,137.1209353346867
SGU,137.16357974952587
RDNT,137.2138832418491
OSIS,137.25977703789428
NOA,137.53368118709136
LTH,137.54080119527202
KORU,137.55534572700955
MANH,137.69497633084697
AKRO,137.75254230769846
PANW,137.78723268087566
ERO,137.83842254603292
SPRX,137.8847562308918
BWMN,137.99053934698867
TOL,138.18949096260974
HSKA,138.1930637774426
EVEX,138.29930534279035
BSY,138.30784577374996
BVH,138.31152130828582
CCF,138.33613446753452
SGRY,138.34218097478697
ENS,138.37411021023956
CPS,138.7178696399263
FTAI,138.79499247279577
TMDX,138.8040200519508
EDN,138.88253736033664
ERJ,138.94165283531157
USLM,138.96353016830415
AFRM,138.9744389683
ONON,138.98297176881562
CXM,138.983859825155
XP,139.16822474074132
JBSS,139.18361587521863
JBL,139.3389132450981
EXTR,139.39803165573386
DSGR,139.5293501641462
PKOH,139.53394930033693
THC,139.77277505721912
YPF,140.30549397051078
GLBE,140.5552421301817
HCI,140.5675727627081
CWCO,140.78803552833824
WANT,140.85386493685272
SHAK,140.87135968467933
ITRI,140.88582580731313
ALGT,141.15584670978004
CNMD,141.27993181978232
CMT,141.3170976690749
VEON,141.35711463861446
COHR,141.53189782318063
NCLH,141.65334503765274
ACLX,141.74486970826058
CXT,141.85964776972992
ADBE,141.91865246592997
JELD,141.9853265474842
ZNTL,142.10086438290764
TTD,142.2035556556089
CARG,142.2140861517659
MPX,142.2315404402131
TSLL,142.26552897676794
PLAB,142.2704454222432
KRNT,142.4311905148983
TERN,142.47294097965715
CFLT,142.48837674219348
PEN,142.9297372812106
SPOT,143.01312954769188
NATR,143.3011604887436
WHLRL,143.31101878138645
VERA,143.39631262073988
VLRS,143.47595394053667
ACAD,143.5537580947447
UPBD,143.68567598769866
UBER,143.9351953772346
DOCN,144.53315690673335
ASAN,144.68308995918983
TMHC,144.76205243843856
TDC,144.8103741411186
W,144.83338703300808
SKYU,144.96772999153882
ENTG,144.98975141443498
LEGN,144.9994680583545
VIST,145.09984389824467
GE,145.10036557986217
TXG,145.25029131848623
VNT,145.31953376832735
STOK,145.5476689540227
MGNI,145.598132440994
NFLX,145.68610148356464
VIPS,145.71247814671386
MRUS,145.7390765909295
GSHD,145.79895425227772
TAYD,145.89007581419565
FNGS,146.01553960621806
HQI,146.0241138119525
PHM,146.19200744073777
KBH,146.5043167940809
APLS,146.51658192864406
LVWR,146.62271480184617
PACB,146.75346856821503
FLYU,146.7594583211034
BWMX,146.9919740279583
PHVS,146.99522295096023
USAP,146.99733946165625
APPF,147.09248045076905
LPRO,147.18008549724598
LZ,147.43231318398747
FLNC,147.77842221498403
CRNC,147.86008341317503
CRD-A,148.25017380293554
DKNG,148.43696306420162
RELY,148.6137289084813
MRVL,148.6188338581829
STVN,148.64331124718458
PETQ,148.6433542927764
CPSS,148.75531356138393
MSFU,148.75531938527814
PCVX,148.88094273078394
SCPH,148.8891353695321
TARO,149.04423508976558
LASR,149.3376261061328
IRMD,149.54788086835578
FDMT,149.63652331430137
FOR,150.04168321008683
IDCC,150.23729569281696
ZUO,150.37180630637283
BLBD,150.3904635981663
MNDY,150.45629537810913
QLD,150.47137589587018
IMTX,150.67628024370077
ATLC,150.7680828920647
BWET,150.9188819568931
LAES,150.93470005279067
IESC,151.09076955792682
TGLS,151.56439047155325
LUNA,151.77436400898148
RMBS,151.8564575784815
ODC,151.97353178948708
FCNCA,152.02248111446886
EXPI,152.03804268568118
ALDX,152.1650191106496
HUBS,152.59910093084
LI,152.8707939780071
MHO,153.15821510302487
ORCL,153.61763602986042
CVGI,153.7406499080587
WEBL,153.8182251242599
WRLD,153.92222715344198
ATRO,154.02658976941228
TPH,154.3148878852484
CRDO,154.85497129111215
ALPN,155.00761535410464
MACK,155.03126832432855
AMPH,155.22459354158303
CLXT,155.51571604620398
CBUS,155.5335376192501
APP,155.68774178885727
CELH,155.70313322607666
DRD,155.75392040715357
TYGO,156.37670667504494
MNSO,156.78481142524498
XPO,157.19847508065044
AVGO,157.6266018238058
MTW,157.8124959780192
IMVT,157.83488102476633
ROM,157.98057673516445
CRCT,158.17697425545836
FSLY,158.51528258266703
DUOL,158.86676460293745
ANF,158.9887453897637
BLDR,159.31831009586554
HY,159.4524193775503
GGAL,159.52270140633368
CMPR,160.61300039953034
UFPT,161.26026390271625
BZH,161.33116385279473
INTA,162.64726453473992
KRYS,163.04306319133974
RDFN,163.19470401395853
AMD,163.40608167168122
IDYA,164.0671842730172
DMRC,164.90981105802518
BELFA,165.52781548710172
MEXX,166.03608733358814
MOD,166.17373747345786
ISEE,166.43800403161003
TYRA,166.63352826423548
RCL,166.82392636523565
SHOP,167.39574290789835
STRL,167.8736152826383
SGH,167.88647516849105
IRON,168.27360545463983
SVIX,168.83694650886125
PRG,168.9609302277353
POWL,169.49131296435908
AEHR,169.72857804554639
UBOT,169.98435012697374
ELF,170.0930005316363
NUVL,171.14251457911
SIBN,171.6495778304631
BHVN,173.06919132814227
PLPC,173.54351043724375
META,174.13429543573085
NWLI,174.24412196912348
NVCT,175.11450009242927
BLU,177.2869782627124
GOCO,177.90022012993694
KDNY,177.9082515457281
TQQQ,177.9981363221562
VRT,178.40228701691998
ACLS,178.6425335436514
ACVA,178.80407759001562
CUK,178.99861490671344
BELFB,179.5573167928113
IAS,179.7519294161651
CCL,180.09510708460425
GHL,180.92789479428222
NAIL,181.28215939375605
AVDL,181.35078631889257
ETNB,182.0185884709313
EXAS,182.1987193105588
RXST,183.70724210361055
MDWT,184.0809628720609
COCO,185.164686142252
FNGG,185.34339015791778
IOT,185.49625521605066
VYGR,186.28274889142313
MDB,186.49645955601312
AZUL,186.54206141366427
QTRX,186.62983096776037
HOV,188.06692780728275
LMB,188.4822570205899
MORF,189.47313197969933
TECL,189.62353633196298
PROF,189.88731774551468
HKIT,190.6779956140699
NGMS,192.57193909519086
PKST,192.7777820163303
SKYW,192.87886448150687
CIR,193.25330205670448
GRBK,193.72312619294044
SDGR,196.5354565399145
VSTM,197.09901311525763
SOXL,197.95039949810743
ELTX,200.3905613323699
EH,201.31063534384103
RCEL,202.65637515228119
FNGO,203.2781809107423
YEXT,204.14327222215542
TCMD,204.33844369317717
INTT,206.0319098938645
MDGL,206.9684588942872
PLTR,207.00761524508852
USD,207.20512312301938
VECT,208.08127018672292
DFH,208.16585470902433
KOLD,210.46322927192458
PESI,211.91979356549996
RXDX,213.095722366
RETA,213.80355092357945
MLTX,214.48185131487597
AAMC,216.97111096032367
UPST,224.40770539925572
NVDA,224.6947944149337
FBL,228.3504949582082
SDA,228.94427304327442
BULZ,231.50706948708665
NNOX,236.168274773466
INDV,237.7478899638155
PTGX,239.34416643617374
INOD,245.3302373058994
TGTX,245.70701280622586
MEOA,250.7474127402309
ELTK,254.67170405171566
NVDL,261.6592270237533
FNGU,272.4797928096268
AI,275.04376681683897
SMCI,284.42664549440804
SYM,288.52290688626573
MEOAU,297.32420249936024
CVNA,298.1627284377891
OPRA,300.6116118203282
EDTX,323.41218306144634
BMEA,328.421332230139
EDTXU,334.839602059332
GDXU,335.20718996722803
VKTX,368.5948961563091
ELVN,380.3832463010198
GNLX,406.7806675576116
IMGN,411.15438230061113
ENLT,480.21506589152324
CABA,506.49882782774716
AMAM,585.7053275121318
WETG,4527.186456425577
XBIOW,200835.68496955556
